datetime_local,cloud_cover,humidity,dew_point,wind_bearing,wind_speed,wind_gust,pressure,uv_index,ozone,precip_intensity,precip_probability,visibility,icon,summary,Output
2019-10-01 00:00:00,0.35,1,22.01,101,3.08,6.42,1008.45,0,268.6,0.0,0.0,16.09,4,4,0.6656001718213058
2019-10-01 01:00:00,0.43,1,22.06,105,2.94,6.28,1008.24,0,269.1,0.0,0.0,16.09,4,4,0.6824001718213059
2019-10-01 02:00:00,0.48,1,22.06,106,2.82,6.08,1007.9,0,269.7,0.0,0.0,16.09,4,4,0.6996001718213058
2019-10-01 03:00:00,0.49,1,21.87,106,2.63,5.74,1007.61,0,270.4,0.0,0.0,16.09,4,4,0.9258001718213055
2019-10-01 04:00:00,0.49,1,21.53,100,2.39,5.3,1007.51,0,271.3,0.0,0.0,16.09,4,4,0.7028001718213059
2019-10-01 05:00:00,0.49,1,21.56,94,2.09,4.47,1008.03,0,271.6,0.0,0.0,16.09,4,4,0.6900001718213059
2019-10-01 06:00:00,0.48,1,21.97,95,2.31,4.07,1008.61,0,271.8,0.0,0.0,16.09,4,4,0.6170001718213058
2019-10-01 07:00:00,0.51,1,22.34,96,2.98,4.65,1008.97,0,272.4,0.0,0.0,16.09,3,1,0.03180034053111129
2019-10-01 08:00:00,0.59,1,22.35,99,3.44,5.14,1009.53,1,272.8,0.0,0.0,16.09,3,1,2.8019999999999987
2019-10-01 09:00:00,0.66,1,22.21,102,3.49,4.77,1010.0,3,272.6,0.0,0.0,16.09,3,2,5.466400000000002
2019-10-01 10:00:00,0.69,1,22.12,101,2.92,3.52,1009.99,4,271.6,0.0,0.0,16.09,3,2,6.829800000000002
2019-10-01 11:00:00,0.69,1,21.71,91,2.21,2.32,1009.86,5,271.0,0.03,0.01,16.09,3,2,8.213799999999999
2019-10-01 12:00:00,0.77,1,21.1,77,1.9,1.9,1009.39,6,271.2,0.02,0.01,16.09,3,2,7.558199999999999
2019-10-01 13:00:00,0.83,1,20.52,60,2.03,2.03,1008.35,5,271.6,0.01,0.01,16.09,3,2,9.0932
2019-10-01 14:00:00,0.78,0,19.91,44,2.39,2.4,1007.24,5,272.2,0.01,0.01,16.09,3,2,9.484
2019-10-01 15:00:00,0.7,0,19.46,36,2.77,2.78,1006.39,4,272.5,0.0,0.0,16.09,3,2,5.9677999999999995
2019-10-01 16:00:00,0.61,0,19.04,34,3.01,3.01,1006.08,2,272.5,0.0,0.0,16.09,3,2,4.131799999999999
2019-10-01 17:00:00,0.55,0,18.88,38,3.04,3.04,1005.97,1,272.6,0.0,0.0,16.09,3,2,2.9056
2019-10-01 18:00:00,0.43,1,19.81,42,2.96,3.1,1006.39,0,273.2,0.0,0.0,16.09,3,4,0.0016003405311112906
2019-10-01 19:00:00,0.24,1,20.85,23,2.72,3.73,1007.49,0,274.2,0.06,0.01,16.09,4,4,0.3484001718213058
2019-10-01 20:00:00,0.09,1,21.04,4,2.48,4.66,1008.37,0,275.4,0.15,0.01,16.09,1,0,2.2838608327177533e-06
2019-10-01 21:00:00,0.06,1,21.31,19,2.61,5.54,1008.99,0,276.0,0.15,0.01,16.09,1,0,3.957201182704478e-06
2019-10-01 22:00:00,0.06,1,21.66,47,3.03,6.48,1009.27,0,276.4,0.06,0.01,16.09,1,0,4.347845081799719e-06
2019-10-01 23:00:00,0.03,1,21.85,69,3.28,6.7,1009.67,0,276.1,0.0,0.0,16.09,1,0,4.347845081799719e-06
2019-10-02 00:00:00,0.0,1,20.53,85,3.13,6.29,1010.06,0,275.6,0.0,0.0,16.09,1,0,4.347845081799719e-06
2019-10-02 01:00:00,0.0,1,20.9,96,2.7,5.81,1009.86,0,275.6,0.0,0.0,16.09,1,0,4.347845081799719e-06
2019-10-02 02:00:00,0.0,1,20.79,116,2.22,5.19,1009.67,0,275.6,0.0,0.0,16.09,1,0,4.347845081799719e-06
2019-10-02 03:00:00,0.0,1,20.56,122,1.86,4.75,1009.59,0,275.8,0.0,0.0,16.09,1,0,4.347845081799719e-06
2019-10-02 04:00:00,0.0,1,20.33,113,1.6,4.56,1009.63,0,276.2,0.0,0.0,16.09,1,0,4.347845081799719e-06
2019-10-02 05:00:00,0.0,1,20.24,105,1.26,3.52,1010.06,0,277.0,0.0,0.0,16.09,1,0,0.0012040698910759475
2019-10-02 06:00:00,0.0,1,20.6,119,1.06,2.44,1010.52,0,277.9,0.01,0.01,16.09,1,0,4.0698910759474975e-06
2019-10-02 07:00:00,0.0,1,21.13,128,1.1,2.28,1010.91,0,278.4,0.03,0.01,16.09,0,0,0.41679999999999995
2019-10-02 08:00:00,0.0,1,21.43,137,1.11,2.17,1011.65,1,278.6,0.05,0.01,16.09,0,0,4.217199999999999
2019-10-02 09:00:00,0.0,1,21.71,154,1.1,1.97,1012.16,3,277.9,0.05,0.01,16.09,0,0,5.754599999999999
2019-10-02 10:00:00,0.1,1,21.62,67,1.19,1.66,1012.18,5,276.2,0.03,0.01,16.09,0,0,5.1418
2019-10-02 11:00:00,0.21,1,21.19,6,1.59,1.69,1011.88,7,275.2,0.02,0.01,16.09,3,4,6.546799999999998
2019-10-02 12:00:00,0.24,1,20.75,10,2.0,2.0,1011.26,8,275.1,0.01,0.01,16.09,3,4,6.829199999999999
2019-10-02 13:00:00,0.23,1,20.27,16,2.15,2.15,1010.36,8,275.1,0.0,0.0,16.09,3,4,9.803400000000002
2019-10-02 14:00:00,0.2,0,19.85,17,2.24,2.51,1009.28,6,275.3,0.0,0.0,16.09,3,4,11.093599999999997
2019-10-02 15:00:00,0.16,0,19.64,15,2.33,2.97,1008.4,4,275.6,0.01,0.01,16.09,3,4,5.6377999999999995
2019-10-02 16:00:00,0.07,0,19.05,9,2.37,3.22,1007.83,2,276.1,0.01,0.01,16.09,0,0,4.8732
2019-10-02 17:00:00,0.04,0,18.76,5,2.13,2.95,1007.88,1,276.0,0.01,0.01,16.09,0,0,3.4011999999999993
2019-10-02 18:00:00,0.01,0,19.34,12,1.91,2.99,1008.26,0,275.6,0.0,0.0,16.09,0,0,0.7750000000000001
2019-10-02 19:00:00,0.0,1,19.85,21,1.84,4.02,1008.47,0,275.8,0.0,0.0,16.09,1,0,4.246373747451672e-06
2019-10-02 20:00:00,0.04,1,19.78,32,1.8,5.07,1008.76,0,275.8,0.0,0.0,16.09,1,0,4.347845081799719e-06
2019-10-02 21:00:00,0.14,1,20.03,53,1.9,5.92,1009.05,0,275.0,0.0,0.0,16.09,4,4,0.2436006112836078
2019-10-02 22:00:00,0.2,1,20.39,85,2.1,6.63,1009.11,0,273.3,0.0,0.0,16.09,4,4,0.6410001718213059
2019-10-02 23:00:00,0.27,1,20.52,115,2.14,6.68,1009.13,0,272.1,0.0,0.0,16.09,4,4,0.6190001718213058
2019-10-03 00:00:00,0.45,1,20.54,136,2.06,6.31,1008.95,0,271.9,0.0,0.0,16.09,4,4,0.6810001718213059
2019-10-03 01:00:00,0.55,1,20.82,142,2.04,6.02,1008.84,0,272.4,0.0,0.0,16.09,4,2,0.7288001718213057
2019-10-03 02:00:00,0.47,1,20.63,143,1.89,5.58,1008.9,0,273.2,0.0,0.0,16.09,4,4,0.6534001718213058
2019-10-03 03:00:00,0.47,1,20.35,135,1.84,5.13,1008.88,0,273.7,0.0,0.0,16.09,4,4,0.5734001718213059
2019-10-03 04:00:00,0.53,1,20.04,121,1.88,4.66,1009.12,0,274.0,0.0,0.0,16.09,4,2,0.6604001718213058
2019-10-03 05:00:00,0.59,1,19.98,109,2.0,4.31,1009.53,0,274.4,0.0,0.0,16.09,4,2,0.8182
2019-10-03 06:00:00,0.53,1,20.25,99,1.88,3.32,1009.8,0,273.4,0.0,0.0,16.09,4,2,0.6046001718213059
2019-10-03 07:00:00,0.44,1,20.77,104,1.68,2.58,1010.45,0,272.3,0.0,0.0,16.09,3,4,0.01200034053111129
2019-10-03 08:00:00,0.47,1,21.2,121,1.8,2.79,1010.98,1,272.4,0.01,0.02,16.09,3,4,3.2075999999999993
2019-10-03 09:00:00,0.51,1,21.28,129,1.73,2.75,1011.29,3,272.7,0.0,0.0,16.09,3,2,6.437
2019-10-03 10:00:00,0.73,1,20.75,126,1.84,2.55,1011.29,4,273.0,0.04,0.02,16.09,3,2,7.370399999999998
2019-10-03 11:00:00,0.83,1,20.14,105,2.01,2.55,1011.25,5,274.1,0.42,0.06,16.09,3,2,8.2176
2019-10-03 12:00:00,0.75,1,19.59,88,1.71,2.51,1010.6,6,275.1,0.34,0.04,16.09,3,2,7.4838
2019-10-03 13:00:00,0.68,0,18.89,44,1.54,2.21,1009.79,6,274.9,0.0,0.0,16.09,3,2,11.950999999999997
2019-10-03 14:00:00,0.62,0,18.37,358,1.67,2.0,1009.11,5,274.6,0.0,0.0,16.09,3,2,11.812799999999998
2019-10-03 15:00:00,0.59,0,17.99,347,1.68,1.95,1008.39,4,274.7,0.01,0.01,16.09,3,2,8.0704
2019-10-03 16:00:00,0.58,0,17.15,344,1.79,2.03,1007.86,2,275.3,0.03,0.01,16.09,3,2,4.3006
2019-10-03 17:00:00,0.61,0,16.75,349,2.32,2.46,1007.77,0,275.2,0.05,0.02,16.09,3,2,0.007200168709805449
2019-10-03 18:00:00,0.31,0,17.98,25,2.79,3.55,1008.01,0,274.6,0.06,0.04,16.09,3,4,0.0644003405311113
2019-10-03 19:00:00,0.0,1,19.22,68,2.87,5.24,1008.6,0,274.3,0.03,0.03,16.09,1,0,4.347845081799719e-06
2019-10-03 20:00:00,0.01,1,19.19,92,2.95,6.91,1009.05,0,273.9,0.0,0.0,16.09,1,0,4.347845081799719e-06
2019-10-03 21:00:00,0.0,1,19.37,115,3.12,7.83,1009.2,0,273.2,0.0,0.0,16.09,1,0,4.347845081799719e-06
2019-10-03 22:00:00,0.0,1,19.52,137,3.4,8.17,1009.66,0,272.2,0.0,0.0,16.09,1,0,4.347845081799719e-06
2019-10-03 23:00:00,0.0,1,19.58,154,3.3,6.93,1010.29,0,272.1,0.01,0.02,16.09,1,0,4.347845081799719e-06
2019-10-04 00:00:00,0.0,1,19.57,164,2.92,5.84,1010.36,0,272.7,0.01,0.02,16.09,1,0,4.347845081799719e-06
2019-10-04 01:00:00,0.0,1,19.62,171,2.57,6.39,1009.78,0,273.0,0.0,0.0,16.09,1,0,4.347845081799719e-06
2019-10-04 02:00:00,0.0,1,19.24,175,2.23,6.84,1009.25,0,273.6,0.0,0.0,16.09,1,0,4.347845081799719e-06
2019-10-04 03:00:00,0.02,1,18.95,173,2.18,6.77,1009.12,0,274.4,0.0,0.0,16.09,1,0,4.347845081799719e-06
2019-10-04 04:00:00,0.07,1,18.84,164,2.43,6.27,1009.41,0,275.6,0.0,0.0,16.09,1,0,4.249997723678389e-06
2019-10-04 05:00:00,0.15,1,18.84,155,2.58,5.18,1010.07,0,276.2,0.0,0.0,16.09,4,4,0.22800017182130586
2019-10-04 06:00:00,0.33,1,18.88,139,2.48,3.89,1011.08,0,276.3,0.01,0.02,16.09,4,4,0.41240017182130595
2019-10-04 07:00:00,0.62,1,19.14,96,2.24,2.84,1012.01,0,276.3,0.08,0.03,16.09,3,2,1.687098054487295e-07
2019-10-04 08:00:00,0.91,1,19.5,40,2.02,2.13,1012.47,1,276.1,0.19,0.05,16.09,2,3,2.9054000000000006
2019-10-04 09:00:00,1.0,1,19.58,5,2.09,2.09,1012.62,2,275.5,0.19,0.05,16.09,2,3,5.125
2019-10-04 10:00:00,1.0,1,19.26,356,2.41,2.41,1012.41,3,274.5,0.08,0.03,16.09,2,3,7.371400000000001
2019-10-04 11:00:00,1.0,1,18.86,7,2.97,3.01,1012.23,4,274.6,0.01,0.02,16.09,2,3,6.3136
2019-10-04 12:00:00,0.87,0,18.46,14,3.39,3.44,1011.79,5,275.2,0.0,0.0,16.09,3,2,11.7252
2019-10-04 13:00:00,0.51,0,17.91,11,3.46,3.46,1010.62,6,275.1,0.0,0.0,16.09,3,2,10.6298
2019-10-04 14:00:00,0.15,0,17.31,8,3.45,3.45,1009.51,6,275.0,0.0,0.0,16.09,3,4,9.323199999999998
2019-10-04 15:00:00,0.0,0,16.77,6,3.42,3.42,1008.79,4,275.0,0.0,0.0,16.09,0,0,6.9060000000000015
2019-10-04 16:00:00,0.03,0,15.85,4,3.37,3.37,1008.42,2,275.2,0.0,0.0,16.09,0,0,5.6084
2019-10-04 17:00:00,0.06,0,15.71,6,3.22,3.22,1008.57,0,275.4,0.01,0.01,16.09,0,0,0.2128
2019-10-04 18:00:00,0.07,0,17.4,20,3.01,3.01,1009.45,0,275.5,0.01,0.01,16.09,0,0,0.2404
2019-10-04 19:00:00,0.04,1,18.51,31,2.62,2.65,1010.06,0,275.8,0.01,0.01,16.09,1,0,4.347845081799719e-06
2019-10-04 20:00:00,0.01,1,18.08,31,2.15,2.43,1010.19,0,276.0,0.01,0.01,16.09,1,0,4.347845081799719e-06
2019-10-04 21:00:00,0.0,1,18.13,39,1.85,2.48,1010.31,0,276.1,0.0,0.0,16.09,1,0,4.347845081799719e-06
2019-10-04 22:00:00,0.0,1,18.41,55,1.7,2.48,1010.37,0,276.3,0.0,0.0,16.09,1,0,4.347845081799719e-06
2019-10-04 23:00:00,0.0,1,18.5,54,1.56,2.32,1010.44,0,277.3,0.0,0.0,16.09,1,0,4.347845081799719e-06
2019-10-05 00:00:00,0.0,1,20.14,36,1.37,2.16,1010.4,0,278.1,0.0,0.0,16.09,1,0,3.101507672238432e-06
2019-10-05 01:00:00,0.0,1,19.98,19,1.13,2.11,1009.76,0,277.6,0.0,0.0,16.09,1,0,2.7220823320381635e-06
2019-10-05 02:00:00,0.0,1,19.68,3,0.95,2.08,1009.3,0,277.1,0.0,0.0,16.09,1,0,0.0032011444357619556
2019-10-05 03:00:00,0.03,1,19.3,3,0.94,2.04,1009.29,0,277.0,0.0,0.0,16.09,1,0,0.006600533450436347
2019-10-05 04:00:00,0.12,1,18.7,13,1.09,1.99,1009.88,0,277.5,0.0,0.0,16.09,1,0,0.001400262120207871
2019-10-05 05:00:00,0.2,1,18.44,24,1.31,1.93,1010.57,0,278.1,0.0,0.0,16.09,4,4,0.39120000000000005
2019-10-05 06:00:00,0.22,1,18.84,13,1.52,2.28,1011.27,0,278.1,0.0,0.0,16.09,4,4,0.3940001718213058
2019-10-05 07:00:00,0.17,1,19.07,4,1.58,2.66,1012.07,0,278.0,0.0,0.0,16.09,3,4,0.07120025368786335
2019-10-05 08:00:00,0.12,1,18.85,10,1.56,2.68,1012.49,1,278.4,0.0,0.0,16.09,0,0,3.930800000000001
2019-10-05 09:00:00,0.17,1,18.55,5,1.71,2.67,1012.67,3,278.4,0.0,0.0,16.09,3,4,6.196000000000001
2019-10-05 10:00:00,0.31,1,18.16,351,2.09,2.58,1012.5,5,278.1,0.0,0.0,16.09,3,4,11.7624
2019-10-05 11:00:00,0.47,0,17.68,341,2.56,2.64,1012.49,6,279.4,0.0,0.0,16.09,3,4,9.9476
2019-10-05 12:00:00,0.61,0,17.21,337,2.91,2.91,1012.06,6,281.1,0.0,0.0,16.09,3,2,10.517800000000001
2019-10-05 13:00:00,0.74,0,16.88,333,3.12,3.28,1011.08,5,281.2,0.0,0.0,16.09,3,2,10.1756
2019-10-05 14:00:00,0.83,0,16.61,330,3.27,3.8,1010.04,4,281.4,0.01,0.01,16.09,3,2,9.177800000000001
2019-10-05 15:00:00,0.86,0,16.23,333,3.35,4.02,1009.23,3,281.4,0.01,0.01,16.09,3,2,7.756800000000003
2019-10-05 16:00:00,0.81,0,15.45,341,3.42,3.86,1008.77,2,281.4,0.01,0.01,16.09,3,2,4.973800000000001
2019-10-05 17:00:00,0.73,0,16.16,352,2.82,3.29,1009.18,0,280.8,0.01,0.01,16.09,3,2,0.011200168709805449
2019-10-05 18:00:00,0.6,0,17.29,358,2.06,2.66,1009.96,0,280.5,0.01,0.01,16.09,3,2,0.12460016870980545
2019-10-05 19:00:00,0.39,0,17.5,352,1.78,2.28,1010.27,0,281.0,0.0,0.0,16.09,4,4,0.23520017182130587
2019-10-05 20:00:00,0.19,1,17.72,347,1.56,1.98,1010.6,0,281.4,0.0,0.0,16.09,4,4,0.2668
2019-10-05 21:00:00,0.1,1,17.95,356,1.63,2.06,1010.78,0,280.9,0.0,0.0,16.09,1,0,0.006401053922963144
2019-10-05 22:00:00,0.09,1,18.32,19,2.02,2.59,1010.89,0,279.8,0.0,0.0,16.09,1,0,4.052832609426036e-06
2019-10-05 23:00:00,0.06,1,18.76,35,2.2,2.61,1011.16,0,279.1,0.0,0.0,16.09,1,0,4.347845081799719e-06
2019-10-06 00:00:00,0.1,1,19.11,40,2.02,2.24,1011.12,0,278.8,0.01,0.01,16.09,1,0,0.006401053922963144
2019-10-06 01:00:00,0.25,1,19.16,37,1.72,2.11,1011.04,0,278.1,0.01,0.01,16.09,4,4,0.3168001718213058
2019-10-06 02:00:00,0.41,1,19.01,37,1.35,1.92,1010.9,0,277.6,0.01,0.01,16.09,4,4,0.35479999999999995
2019-10-06 03:00:00,0.54,1,18.64,62,1.1,1.79,1010.72,0,277.5,0.01,0.01,16.09,4,2,0.35719999999999996
2019-10-06 04:00:00,0.65,1,18.1,107,0.96,1.69,1010.55,0,277.9,0.01,0.01,16.09,4,2,0.6116
2019-10-06 05:00:00,0.72,1,17.63,148,0.88,1.64,1010.51,0,278.2,0.01,0.01,16.09,4,2,0.654
2019-10-06 06:00:00,0.76,1,18.1,87,0.82,1.17,1011.13,0,277.9,0.01,0.01,16.09,4,2,0.5898000000000001
2019-10-06 07:00:00,0.81,1,18.71,82,0.84,0.84,1011.85,0,277.4,0.0,0.0,16.09,3,2,0.3586
2019-10-06 08:00:00,0.84,1,18.51,239,0.95,1.04,1012.34,1,277.0,0.0,0.0,16.09,3,2,3.992399999999999
2019-10-06 09:00:00,0.86,1,17.99,223,1.15,1.47,1012.58,2,276.5,0.0,0.0,16.09,3,2,6.5806
2019-10-06 10:00:00,0.87,1,17.14,83,1.46,1.99,1012.54,4,276.0,0.0,0.0,16.09,3,2,10.266600000000004
2019-10-06 11:00:00,0.88,0,16.32,359,1.78,2.33,1012.34,5,275.5,0.01,0.01,16.09,2,3,11.9448
2019-10-06 12:00:00,0.91,0,15.7,318,2.04,2.36,1011.76,5,275.4,0.01,0.01,16.09,2,3,12.1754
2019-10-06 13:00:00,0.95,0,15.04,311,2.28,2.36,1010.71,5,275.5,0.01,0.01,16.09,2,3,12.1878
2019-10-06 14:00:00,0.99,0,14.42,315,2.51,2.51,1009.72,4,275.6,0.01,0.01,16.09,2,3,9.855000000000004
2019-10-06 15:00:00,1.0,0,14.15,317,2.76,2.76,1009.1,3,275.6,0.01,0.01,16.09,2,3,7.637400000000002
2019-10-06 16:00:00,0.98,0,14.14,319,3.03,3.03,1008.87,2,275.6,0.0,0.0,16.09,2,3,4.7626
2019-10-06 17:00:00,0.97,0,14.47,323,3.19,3.19,1008.58,0,275.5,0.0,0.0,16.09,2,3,0.005600168709805449
2019-10-06 18:00:00,0.96,0,15.89,341,3.03,3.03,1009.22,0,275.9,0.0,0.0,16.09,2,3,0.011200168709805449
2019-10-06 19:00:00,0.98,0,17.38,7,2.71,2.72,1010.84,0,276.2,0.0,0.0,16.09,2,3,0.02340008186655751
2019-10-06 20:00:00,0.99,1,17.42,19,2.54,2.87,1011.49,0,275.7,0.0,0.0,16.09,2,3,1.687098054487295e-07
2019-10-06 21:00:00,0.99,1,17.64,23,2.77,3.97,1011.75,0,274.8,0.0,0.0,16.09,2,3,1.687098054487295e-07
2019-10-06 22:00:00,0.99,1,18.01,16,3.43,5.88,1011.56,0,273.5,0.0,0.0,16.09,2,3,1.687098054487295e-07
2019-10-06 23:00:00,1.0,1,18.4,7,4.0,7.51,1011.16,0,272.5,0.0,0.0,16.09,2,3,0.01960008186655751
2019-10-07 00:00:00,0.98,1,15.61,359,4.07,8.38,1010.99,0,271.6,0.0,0.0,16.09,2,3,0.13120016870980544
2019-10-07 01:00:00,0.95,1,16.05,353,3.45,7.15,1011.3,0,270.9,0.0,0.0,16.09,2,3,1.687098054487295e-07
2019-10-07 02:00:00,0.91,1,16.36,345,2.6,4.74,1011.64,0,270.9,0.0,0.0,16.09,2,3,1.687098054487295e-07
2019-10-07 03:00:00,0.9,1,16.53,337,2.28,4.21,1011.71,0,271.1,0.01,0.02,16.09,2,3,1.687098054487295e-07
2019-10-07 04:00:00,0.9,1,16.57,331,2.51,5.59,1011.71,0,271.7,0.0,0.0,16.09,2,3,1.687098054487295e-07
2019-10-07 05:00:00,0.9,1,16.73,331,2.41,5.29,1012.23,0,272.1,0.03,0.03,16.09,2,3,1.687098054487295e-07
2019-10-07 06:00:00,0.92,1,17.14,343,2.21,4.58,1013.13,0,272.4,0.05,0.04,16.09,2,3,1.687098054487295e-07
2019-10-07 07:00:00,0.96,1,17.57,341,2.87,5.88,1013.99,0,273.0,0.03,0.03,16.09,2,3,0.0016001687098054487
2019-10-07 08:00:00,1.0,1,17.86,329,3.66,6.88,1014.86,1,273.6,0.01,0.02,16.09,2,3,4.281400000000001
2019-10-07 09:00:00,0.97,1,18.12,325,3.68,6.76,1015.13,2,274.2,0.0,0.0,16.09,2,3,5.637600000000001
2019-10-07 10:00:00,0.87,1,18.2,328,2.97,5.57,1014.9,4,274.6,0.0,0.0,16.09,3,2,10.2248
2019-10-07 11:00:00,0.72,1,18.11,331,2.12,3.93,1014.78,5,276.3,0.0,0.0,16.09,3,2,10.121199999999998
2019-10-07 12:00:00,0.64,0,18.12,331,1.83,2.99,1014.44,6,277.9,0.0,0.0,16.09,3,2,10.9396
2019-10-07 13:00:00,0.66,0,18.05,326,2.2,3.04,1013.43,6,278.2,0.07,0.01,16.09,3,2,10.91
2019-10-07 14:00:00,0.67,0,17.77,328,2.65,3.29,1012.33,5,278.4,0.17,0.02,16.09,3,2,9.1574
2019-10-07 15:00:00,0.63,0,17.27,355,2.88,3.5,1011.69,3,278.7,0.17,0.02,16.09,3,2,5.643000000000002
2019-10-07 16:00:00,0.52,0,16.63,327,2.9,3.73,1011.51,2,279.2,0.07,0.01,16.09,3,2,5.860600000000001
2019-10-07 17:00:00,0.4,0,16.33,278,2.83,3.98,1011.24,0,279.6,0.0,0.0,16.09,3,4,3.405311112906539e-07
2019-10-07 18:00:00,0.28,0,16.41,311,2.83,3.64,1011.1,0,278.7,0.0,0.0,16.09,3,4,0.012400340531111291
2019-10-07 19:00:00,0.15,0,16.32,322,2.63,3.12,1011.64,0,277.4,0.0,0.0,16.09,4,4,0.21520017182130588
2019-10-07 20:00:00,0.04,0,16.03,309,2.23,3.0,1011.99,0,276.6,0.0,0.0,16.09,1,0,4.347845081799719e-06
2019-10-07 21:00:00,0.0,1,15.83,305,2.09,2.87,1012.21,0,276.0,0.0,0.0,16.09,1,0,4.347845081799719e-06
2019-10-07 22:00:00,0.0,1,15.7,307,2.17,2.7,1012.25,0,275.5,0.0,0.0,16.09,1,0,4.347845081799719e-06
2019-10-07 23:00:00,0.0,1,15.6,311,2.26,2.53,1012.02,0,275.1,0.0,0.0,16.09,1,0,4.347845081799719e-06
2019-10-08 00:00:00,0.0,1,15.19,316,2.47,3.05,1011.96,0,275.5,0.0,0.0,16.09,1,0,4.347845081799719e-06
2019-10-08 01:00:00,0.0,1,14.88,321,2.58,3.61,1011.84,0,276.2,0.0,0.0,16.09,1,0,4.347845081799719e-06
2019-10-08 02:00:00,0.0,1,14.72,327,2.42,3.54,1011.33,0,276.4,0.0,0.0,16.09,1,0,4.347845081799719e-06
2019-10-08 03:00:00,0.0,1,14.47,330,2.2,3.43,1011.19,0,276.8,0.0,0.0,16.09,1,0,4.347845081799719e-06
2019-10-08 04:00:00,0.0,1,14.24,311,1.91,3.23,1011.03,0,277.3,0.0,0.0,16.09,1,0,4.347845081799719e-06
2019-10-08 05:00:00,0.0,1,13.99,299,1.68,3.02,1010.81,0,277.6,0.0,0.0,16.09,1,0,4.347845081799719e-06
2019-10-08 06:00:00,0.0,1,15.1,312,1.35,2.64,1011.47,0,277.0,0.0,0.0,16.09,1,0,4.347845081799719e-06
2019-10-08 07:00:00,0.0,1,16.55,294,1.35,2.58,1012.55,0,275.9,0.0,0.0,16.09,0,0,0.6666
2019-10-08 08:00:00,0.0,1,17.03,276,1.85,3.02,1013.21,1,275.1,0.0,0.0,16.09,0,0,4.410400000000002
2019-10-08 09:00:00,0.0,1,17.27,221,2.3,3.39,1013.52,3,274.7,0.0,0.0,16.09,0,0,7.807800000000001
2019-10-08 10:00:00,0.0,1,17.18,65,2.78,3.75,1013.31,5,274.6,0.0,0.0,16.09,0,0,10.339199999999998
2019-10-08 11:00:00,0.0,0,16.65,345,3.16,3.89,1013.0,7,275.4,0.0,0.0,16.09,0,0,11.3628
2019-10-08 12:00:00,0.0,0,16.19,303,3.33,3.85,1012.45,8,276.4,0.0,0.0,16.09,0,0,14.208399999999997
2019-10-08 13:00:00,0.0,0,15.59,304,3.35,3.84,1011.3,8,276.6,0.0,0.0,16.09,0,0,13.232599999999998
2019-10-08 14:00:00,0.0,0,14.78,314,3.3,3.74,1010.15,6,276.8,0.0,0.0,16.09,0,0,9.191800000000002
2019-10-08 15:00:00,0.0,0,13.91,320,3.27,3.68,1009.41,4,277.1,0.0,0.0,16.09,0,0,7.942199999999999
2019-10-08 16:00:00,0.0,0,13.32,323,3.29,3.65,1009.25,2,277.6,0.0,0.0,16.09,0,0,5.678999999999998
2019-10-08 17:00:00,0.0,0,13.28,328,3.22,3.52,1009.43,0,278.1,0.0,0.0,16.09,0,0,0.17680000000000004
2019-10-08 18:00:00,0.0,0,13.95,339,2.93,3.13,1009.79,0,277.7,0.0,0.0,16.09,0,0,0.1678
2019-10-08 19:00:00,0.0,0,14.41,357,2.3,2.39,1010.56,0,277.3,0.0,0.0,16.09,1,0,2.6997894320080156e-06
2019-10-08 20:00:00,0.0,0,13.98,10,1.62,1.65,1010.91,0,277.3,0.0,0.0,16.09,1,0,7.997889437721331e-07
2019-10-08 21:00:00,0.0,0,13.57,18,1.29,1.46,1011.18,0,277.1,0.0,0.0,16.09,1,0,7.997889437721331e-07
2019-10-08 22:00:00,0.0,0,13.11,31,1.3,1.83,1011.36,0,276.5,0.0,0.0,16.09,1,0,9.012602781201797e-07
2019-10-08 23:00:00,0.0,0,12.68,36,1.37,2.27,1011.38,0,275.9,0.0,0.0,16.09,1,0,3.101507672238432e-06
2019-10-09 00:00:00,0.0,0,12.32,34,1.3,2.38,1011.17,0,275.3,0.0,0.0,16.09,1,0,4.347845081799719e-06
2019-10-09 01:00:00,0.0,0,12.33,19,1.1,2.27,1010.51,0,275.3,0.0,0.0,16.09,1,0,2.7220823320381635e-06
2019-10-09 02:00:00,0.0,0,12.49,42,0.92,2.18,1010.28,0,275.7,0.0,0.0,16.09,1,0,2.8235536663862104e-06
2019-10-09 03:00:00,0.0,1,12.51,106,0.88,2.05,1010.24,0,276.3,0.0,0.0,16.09,1,0,2.8235536663862104e-06
2019-10-09 04:00:00,0.0,1,12.39,147,0.94,1.92,1010.36,0,277.0,0.0,0.0,16.09,1,0,6.233062722679585e-07
2019-10-09 05:00:00,0.0,1,13.9,121,1.16,1.56,1011.31,0,277.2,0.0,0.0,16.09,1,0,6.233062722679585e-07
2019-10-09 06:00:00,0.0,1,15.64,98,1.42,1.42,1012.28,0,276.9,0.0,0.0,16.09,1,0,9.012602781201797e-07
2019-10-09 07:00:00,0.0,1,16.06,120,1.56,1.99,1012.31,0,276.5,0.0,0.0,16.09,0,0,0.8933999999999997
2019-10-09 08:00:00,0.0,1,16.47,139,1.63,2.69,1012.51,1,276.1,0.0,0.0,16.09,0,0,4.4996
2019-10-09 09:00:00,0.0,1,16.71,150,1.53,2.67,1012.68,3,276.0,0.0,0.0,16.09,0,0,9.0958
2019-10-09 10:00:00,0.0,0,16.76,154,1.31,1.93,1012.69,5,276.2,0.0,0.0,16.09,0,0,10.449199999999998
2019-10-09 11:00:00,0.0,0,16.47,139,1.16,1.28,1012.68,7,276.5,0.0,0.0,16.09,0,0,11.413599999999999
2019-10-09 12:00:00,0.0,0,16.19,99,1.25,1.25,1012.35,8,276.9,0.0,0.0,16.09,0,0,13.270800000000003
2019-10-09 13:00:00,0.0,0,15.69,48,1.54,1.71,1011.32,8,277.1,0.0,0.0,16.09,0,0,13.6652
2019-10-09 14:00:00,0.0,0,14.96,2,1.87,2.37,1010.3,6,277.3,0.0,0.0,16.09,0,0,11.628999999999996
2019-10-09 15:00:00,0.0,0,14.15,343,2.14,2.65,1009.56,4,277.6,0.0,0.0,16.09,0,0,9.3912
2019-10-09 16:00:00,0.0,0,13.64,350,2.37,2.62,1009.11,2,278.1,0.0,0.0,16.09,0,0,6.100599999999998
2019-10-09 17:00:00,0.0,0,13.59,4,2.57,2.69,1009.1,0,278.5,0.0,0.0,16.09,0,0,0.0992
2019-10-09 18:00:00,0.0,0,14.2,19,2.2,2.41,1009.63,0,279.3,0.0,0.0,16.09,0,0,0.3127999999999999
2019-10-09 19:00:00,0.0,0,14.42,33,1.93,2.14,1010.13,0,279.8,0.0,0.0,16.09,1,0,3.101507672238432e-06
2019-10-09 20:00:00,0.0,0,13.64,38,2.19,2.43,1010.28,0,279.6,0.0,0.0,16.09,1,0,4.347845081799719e-06
2019-10-09 21:00:00,0.0,0,13.29,46,2.25,3.13,1010.62,0,279.2,0.0,0.0,16.09,1,0,4.347845081799719e-06
2019-10-09 22:00:00,0.0,0,13.36,56,2.22,4.34,1010.73,0,278.6,0.0,0.0,16.09,1,0,4.347845081799719e-06
2019-10-09 23:00:00,0.0,0,13.61,63,2.22,5.46,1010.62,0,278.0,0.0,0.0,16.09,1,0,4.347845081799719e-06
2019-10-10 00:00:00,0.0,1,14.57,65,2.13,5.22,1010.68,0,277.8,0.0,0.0,16.09,1,0,4.347845081799719e-06
2019-10-10 01:00:00,0.0,1,14.66,61,2.05,4.31,1010.9,0,277.8,0.0,0.0,16.09,1,0,4.347845081799719e-06
2019-10-10 02:00:00,0.0,1,14.96,58,2.07,3.86,1010.85,0,277.8,0.01,0.01,16.09,1,0,4.347845081799719e-06
2019-10-10 03:00:00,0.0,1,15.31,62,2.0,3.6,1010.88,0,278.1,0.01,0.01,16.09,1,0,4.347845081799719e-06
2019-10-10 04:00:00,0.0,1,15.62,73,1.87,3.59,1010.92,0,278.7,0.01,0.01,16.09,1,0,4.347845081799719e-06
2019-10-10 05:00:00,0.0,1,16.73,73,1.76,3.26,1011.23,0,279.2,0.01,0.01,16.09,1,0,4.347845081799719e-06
2019-10-10 06:00:00,0.0,1,17.86,65,1.67,2.81,1011.66,0,279.8,0.0,0.0,16.09,1,0,4.347845081799719e-06
2019-10-10 07:00:00,0.0,1,18.27,65,1.58,2.64,1012.26,0,280.5,0.0,0.0,16.09,0,0,0.8306
2019-10-10 08:00:00,0.0,1,18.47,61,1.5,2.48,1012.6,1,281.2,0.0,0.0,16.09,0,0,4.3208
2019-10-10 09:00:00,0.0,1,18.16,48,1.42,2.42,1012.66,3,281.4,0.0,0.0,16.09,0,0,7.314399999999999
2019-10-10 10:00:00,0.0,1,17.53,25,1.31,2.46,1012.73,5,281.3,0.0,0.0,16.09,0,0,9.944400000000002
2019-10-10 11:00:00,0.0,0,16.95,2,1.31,2.56,1012.64,7,281.4,0.0,0.0,16.09,0,0,11.552
2019-10-10 12:00:00,0.0,0,16.18,351,1.56,2.75,1012.25,8,281.9,0.0,0.0,16.09,0,0,11.6076
2019-10-10 13:00:00,0.0,0,15.06,351,2.02,3.02,1011.46,8,282.2,0.0,0.0,16.09,0,0,12.645199999999999
2019-10-10 14:00:00,0.0,0,13.87,355,2.49,3.3,1010.55,6,282.6,0.0,0.0,16.09,0,0,9.483599999999997
2019-10-10 15:00:00,0.0,0,12.87,356,2.82,3.47,1009.88,4,283.0,0.01,0.01,16.09,0,0,6.677400000000001
2019-10-10 16:00:00,0.0,0,12.54,357,3.05,3.52,1009.41,2,283.5,0.0,0.0,16.09,0,0,5.7154
2019-10-10 17:00:00,0.0,0,12.33,358,3.17,3.61,1008.73,0,284.0,0.0,0.0,16.09,0,0,0.3146
2019-10-10 18:00:00,0.0,0,13.72,2,3.1,3.75,1009.54,0,284.1,0.0,0.0,16.09,0,0,0.1466
2019-10-10 19:00:00,0.0,0,15.13,6,2.78,3.95,1011.04,0,284.4,0.0,0.0,16.09,1,0,2.479268746738272e-06
2019-10-10 20:00:00,0.0,0,14.66,8,2.41,4.12,1011.25,0,284.9,0.0,0.0,16.09,1,0,0.012802479268746739
2019-10-10 21:00:00,0.0,0,14.5,12,2.18,4.01,1011.4,0,284.5,0.0,0.0,16.09,1,0,4.246373747451672e-06
2019-10-10 22:00:00,0.0,1,14.35,17,2.05,3.63,1011.31,0,283.3,0.0,0.0,16.09,1,0,4.246373747451672e-06
2019-10-10 23:00:00,0.0,1,14.18,28,1.89,3.08,1011.11,0,281.4,0.0,0.0,16.09,1,0,4.246373747451672e-06
2019-10-11 00:00:00,0.0,1,14.1,37,1.67,2.6,1010.78,0,279.9,0.0,0.0,16.09,1,0,4.347845081799719e-06
2019-10-11 01:00:00,0.0,1,14.24,37,1.43,2.29,1010.37,0,279.3,0.0,0.0,16.09,1,0,0.0032031015076722387
2019-10-11 02:00:00,0.0,1,14.52,40,1.22,2.06,1010.0,0,278.8,0.0,0.0,16.09,1,0,2.8235536663862104e-06
2019-10-11 03:00:00,0.0,1,14.81,58,1.06,1.99,1010.06,0,279.0,0.0,0.0,16.09,1,0,0.0008006233062722679
2019-10-11 04:00:00,0.0,1,15.07,86,0.98,2.15,1010.12,0,279.9,0.0,0.0,16.09,1,0,2.8235536663862104e-06
2019-10-11 05:00:00,0.0,1,15.85,115,0.73,1.76,1010.21,0,280.8,0.0,0.0,16.09,1,0,6.233062722679585e-07
2019-10-11 06:00:00,0.0,1,17.02,178,0.6,1.24,1010.9,0,281.4,0.0,0.0,16.09,1,0,0.0012005308848304934
2019-10-11 07:00:00,0.0,1,17.78,194,0.81,1.28,1011.85,0,282.0,0.0,0.0,16.09,0,0,0.5472
2019-10-11 08:00:00,0.0,1,18.0,172,0.96,1.38,1012.27,1,282.4,0.0,0.0,16.09,0,0,3.1094000000000004
2019-10-11 09:00:00,0.0,1,17.83,146,0.97,1.66,1012.45,3,282.2,0.0,0.0,16.09,0,0,6.6676
2019-10-11 10:00:00,0.0,1,17.39,126,0.84,2.11,1012.26,5,281.3,0.0,0.0,16.09,0,0,9.868400000000003
2019-10-11 11:00:00,0.0,0,16.88,134,0.78,2.73,1012.15,7,281.9,0.0,0.0,16.09,0,0,11.979600000000003
2019-10-11 12:00:00,0.0,0,15.99,103,0.94,3.18,1011.76,8,282.6,0.0,0.0,16.09,0,0,12.201399999999996
2019-10-11 13:00:00,0.0,0,14.61,47,1.33,3.26,1010.69,7,281.8,0.0,0.0,16.09,0,0,11.062800000000003
2019-10-11 14:00:00,0.0,0,12.99,17,1.79,3.27,1009.7,6,281.1,0.0,0.0,16.09,0,0,9.4156
2019-10-11 15:00:00,0.0,0,11.46,7,2.17,3.25,1008.99,4,280.9,0.0,0.0,16.09,0,0,7.185
2019-10-11 16:00:00,0.0,0,10.28,6,2.51,3.18,1008.42,2,281.6,0.0,0.0,16.09,0,0,5.236000000000001
2019-10-11 17:00:00,0.0,0,11.81,20,2.66,3.15,1008.52,0,281.5,0.0,0.0,16.09,0,0,0.0798
2019-10-11 18:00:00,0.0,0,13.83,35,2.61,3.22,1009.16,0,280.8,0.0,0.0,16.09,1,0,4.347845081799719e-06
2019-10-11 19:00:00,0.0,0,13.46,39,2.48,3.35,1009.72,0,280.1,0.0,0.0,16.09,1,0,4.347845081799719e-06
2019-10-11 20:00:00,0.0,0,13.25,46,2.32,3.52,1010.32,0,279.3,0.0,0.0,16.09,1,0,4.347845081799719e-06
2019-10-11 21:00:00,0.0,0,13.3,55,2.21,3.65,1010.46,0,278.9,0.0,0.0,16.09,1,0,4.347845081799719e-06
2019-10-11 22:00:00,0.0,0,13.52,65,2.13,3.74,1010.28,0,279.0,0.0,0.0,16.09,1,0,4.347845081799719e-06
2019-10-11 23:00:00,0.0,0,13.57,77,2.09,3.8,1009.95,0,279.1,0.0,0.0,16.09,1,0,4.347845081799719e-06
2019-10-12 00:00:00,0.0,1,13.64,92,2.07,3.86,1010.1,0,279.3,0.0,0.0,16.09,1,0,4.347845081799719e-06
2019-10-12 01:00:00,0.0,1,14.03,108,2.05,3.94,1010.15,0,279.2,0.0,0.0,16.09,1,0,4.347845081799719e-06
2019-10-12 02:00:00,0.0,1,14.49,124,2.03,3.99,1010.13,0,279.1,0.0,0.0,16.09,1,0,4.347845081799719e-06
2019-10-12 03:00:00,0.0,1,14.9,134,2.0,3.93,1010.27,0,278.8,0.0,0.0,16.09,1,0,4.347845081799719e-06
2019-10-12 04:00:00,0.0,1,15.26,139,1.95,3.74,1010.44,0,278.4,0.01,0.01,16.09,1,0,4.347845081799719e-06
2019-10-12 05:00:00,0.0,1,15.43,141,1.91,3.61,1010.85,0,278.1,0.01,0.01,16.09,1,0,4.347845081799719e-06
2019-10-12 06:00:00,0.0,1,16.4,157,1.87,3.37,1011.43,0,277.5,0.01,0.01,16.09,1,0,4.347845081799719e-06
2019-10-12 07:00:00,0.0,1,17.58,171,2.01,3.42,1012.13,0,277.1,0.01,0.01,16.09,0,0,0.9318000000000001
2019-10-12 08:00:00,0.0,1,17.76,173,2.25,3.78,1012.72,1,277.3,0.01,0.01,16.09,0,0,4.479599999999999
2019-10-12 09:00:00,0.0,1,17.46,184,2.21,3.63,1013.03,3,277.0,0.01,0.01,16.09,0,0,7.0084
2019-10-12 10:00:00,0.0,0,16.76,205,1.87,3.01,1012.87,5,276.1,0.0,0.0,16.09,0,0,10.406200000000004
2019-10-12 11:00:00,0.0,0,15.88,211,1.56,2.47,1012.71,7,276.1,0.0,0.0,16.09,0,0,12.256200000000005
2019-10-12 12:00:00,0.0,0,14.96,163,1.63,2.33,1012.53,8,276.6,0.0,0.0,16.09,0,0,12.3236
2019-10-12 13:00:00,0.0,0,14.02,79,2.13,2.46,1011.55,7,276.5,0.03,0.01,16.09,0,0,12.0074
2019-10-12 14:00:00,0.01,0,13.24,1,2.61,2.7,1010.48,6,276.6,0.08,0.01,16.09,0,0,9.984200000000001
2019-10-12 15:00:00,0.01,0,12.65,317,2.83,2.87,1009.89,4,276.8,0.08,0.01,16.09,0,0,6.8398
2019-10-12 16:00:00,0.01,0,12.49,313,2.84,3.01,1009.78,2,277.1,0.03,0.01,16.09,0,0,5.2669999999999995
2019-10-12 17:00:00,0.01,0,12.3,322,2.68,3.08,1009.83,0,277.4,0.0,0.0,16.09,0,0,0.1684
2019-10-12 18:00:00,0.0,0,14.08,359,2.56,2.79,1010.44,0,277.5,0.0,0.0,16.09,1,0,2.6997894320080156e-06
2019-10-12 19:00:00,0.0,0,15.61,39,2.0,2.0,1011.14,0,277.5,0.0,0.0,16.09,1,0,0.00220090126027812
2019-10-12 20:00:00,0.0,0,14.82,64,1.14,1.53,1011.42,0,277.3,0.0,0.0,16.09,1,0,6.233062722679585e-07
2019-10-12 21:00:00,0.0,0,14.72,95,1.05,2.7,1011.86,0,276.8,0.0,0.0,16.09,1,0,4.0698910759474975e-06
2019-10-12 22:00:00,0.0,0,15.04,124,1.7,5.35,1012.27,0,275.7,0.01,0.01,16.09,1,0,4.347845081799719e-06
2019-10-12 23:00:00,0.0,1,15.34,136,2.44,6.94,1012.04,0,275.1,0.0,0.0,16.09,1,0,4.347845081799719e-06
2019-10-13 00:00:00,0.0,1,16.72,134,2.68,6.82,1011.69,0,275.3,0.0,0.0,16.09,1,0,4.347845081799719e-06
2019-10-13 01:00:00,0.0,1,16.97,115,2.44,6.14,1011.33,0,276.3,0.0,0.0,16.09,1,0,4.347845081799719e-06
2019-10-13 02:00:00,0.0,1,17.19,94,2.09,5.15,1011.0,0,277.4,0.0,0.0,16.09,1,0,4.347845081799719e-06
2019-10-13 03:00:00,0.0,1,17.3,96,1.95,4.75,1010.89,0,277.8,0.0,0.0,16.09,1,0,4.347845081799719e-06
2019-10-13 04:00:00,0.0,1,17.27,117,2.0,4.89,1010.87,0,277.6,0.0,0.0,16.09,1,0,4.347845081799719e-06
2019-10-13 05:00:00,0.0,1,17.08,165,2.12,5.23,1010.93,0,277.1,0.0,0.0,16.09,1,0,4.347845081799719e-06
2019-10-13 06:00:00,0.01,1,17.86,81,1.95,4.36,1011.44,0,277.1,0.0,0.0,16.09,1,0,4.347845081799719e-06
2019-10-13 07:00:00,0.05,1,18.75,24,1.66,3.4,1012.22,0,277.1,0.0,0.0,16.09,0,0,1.0816
2019-10-13 08:00:00,0.08,1,18.8,41,1.54,3.48,1012.78,1,277.0,0.0,0.0,16.09,0,0,3.822400000000002
2019-10-13 09:00:00,0.09,1,18.39,50,1.35,3.16,1013.03,3,277.2,0.0,0.0,16.09,0,0,6.639400000000002
2019-10-13 10:00:00,0.08,0,17.57,351,1.1,2.57,1013.21,5,277.5,0.0,0.0,16.09,0,0,10.244200000000001
2019-10-13 11:00:00,0.06,0,16.62,305,0.94,1.83,1013.09,7,278.7,0.0,0.0,16.09,0,0,10.438600000000001
2019-10-13 12:00:00,0.04,0,15.64,331,1.24,1.6,1012.61,8,279.6,0.0,0.0,16.09,0,0,10.068399999999997
2019-10-13 13:00:00,0.02,0,14.18,3,2.08,2.18,1011.58,7,279.0,0.0,0.0,16.09,0,0,12.067800000000002
2019-10-13 14:00:00,0.01,0,12.6,352,2.88,2.89,1010.58,6,278.5,0.0,0.0,16.09,0,0,9.010600000000002
2019-10-13 15:00:00,0.0,0,11.57,336,3.23,3.23,1009.97,4,278.4,0.0,0.0,16.09,0,0,7.351800000000002
2019-10-13 16:00:00,0.0,0,11.38,341,3.17,3.17,1009.41,2,278.8,0.0,0.0,16.09,0,0,5.276799999999998
2019-10-13 17:00:00,0.0,0,11.5,350,2.98,2.98,1008.89,0,279.3,0.0,0.0,16.09,0,0,0.2766
2019-10-13 18:00:00,0.09,0,13.2,4,2.9,2.9,1009.74,0,278.6,0.0,0.0,16.09,1,0,2.479268746738272e-06
2019-10-13 19:00:00,0.31,0,14.82,20,2.82,3.54,1010.87,0,277.5,0.0,0.0,16.09,4,4,0.4250001718213059
2019-10-13 20:00:00,0.52,0,14.41,33,2.68,4.68,1011.37,0,276.9,0.0,0.0,16.09,4,2,0.6072001718213059
2019-10-13 21:00:00,0.58,0,14.35,48,2.57,5.08,1011.98,0,276.2,0.0,0.0,16.09,4,2,0.5454
2019-10-13 22:00:00,0.52,0,14.53,63,2.45,4.68,1012.41,0,275.3,0.0,0.0,16.09,4,2,0.5826001718213059
2019-10-13 23:00:00,0.42,0,14.44,74,2.3,3.98,1012.79,0,274.7,0.0,0.0,16.09,4,4,0.7306001718213057
2019-10-14 00:00:00,0.32,0,14.28,79,2.16,3.59,1012.37,0,274.3,0.0,0.0,16.09,4,4,0.6112001718213057
2019-10-14 01:00:00,0.21,1,14.46,81,2.07,3.6,1011.96,0,273.7,0.0,0.0,16.09,4,4,0.407600171821306
2019-10-14 02:00:00,0.11,1,14.67,85,1.98,3.59,1011.38,0,273.2,0.0,0.0,16.09,1,0,0.011201151293946589
2019-10-14 03:00:00,0.11,1,14.9,102,1.85,3.29,1011.06,0,272.6,0.0,0.0,16.09,1,0,0.004801151293946589
2019-10-14 04:00:00,0.2,1,15.05,134,1.71,2.67,1011.35,0,272.2,0.0,0.0,16.09,4,4,0.4674001718213058
2019-10-14 05:00:00,0.31,1,15.57,145,1.3,2.11,1012.1,0,271.8,0.0,0.0,16.09,4,4,0.41420017182130586
2019-10-14 06:00:00,0.48,1,16.15,132,1.09,2.14,1012.73,0,271.8,0.0,0.0,16.09,4,4,0.6586001718213058
2019-10-14 07:00:00,0.73,1,16.47,128,1.43,2.84,1012.94,0,272.6,0.0,0.0,16.09,3,2,1.687098054487295e-07
2019-10-14 08:00:00,0.94,1,16.75,121,1.77,3.53,1013.13,1,273.5,0.0,0.0,16.09,2,3,3.6877999999999997
2019-10-14 09:00:00,1.0,1,16.52,122,1.9,3.54,1013.49,2,274.2,0.0,0.0,16.09,2,3,5.8908
2019-10-14 10:00:00,0.94,0,15.87,131,1.83,2.89,1013.52,3,274.6,0.0,0.0,16.09,2,3,10.6046
2019-10-14 11:00:00,0.8,0,15.37,124,1.71,2.02,1013.47,5,276.2,0.0,0.0,16.09,3,2,12.442999999999998
2019-10-14 12:00:00,0.61,0,14.76,92,1.76,1.76,1013.04,6,277.8,0.0,0.0,16.09,3,2,13.2006
2019-10-14 13:00:00,0.34,0,13.62,46,2.01,2.04,1012.06,6,277.9,0.0,0.0,16.09,3,4,12.770199999999999
2019-10-14 14:00:00,0.08,0,12.48,3,2.28,2.41,1011.04,6,277.9,0.0,0.0,16.09,0,0,12.055999999999997
2019-10-14 15:00:00,0.0,0,11.69,345,2.42,2.58,1010.31,4,277.8,0.0,0.0,16.09,0,0,8.381800000000002
2019-10-14 16:00:00,0.0,0,11.62,352,2.46,2.6,1009.86,2,277.5,0.0,0.0,16.09,0,0,5.624199999999998
2019-10-14 17:00:00,0.0,0,11.74,7,2.49,2.65,1009.61,0,277.2,0.0,0.0,16.09,0,0,0.14600000000000005
2019-10-14 18:00:00,0.0,0,12.76,23,2.47,2.61,1010.19,0,276.3,0.0,0.0,16.09,1,0,4.246373747451672e-06
2019-10-14 19:00:00,0.0,0,13.74,37,2.54,2.81,1011.07,0,275.7,0.0,0.0,16.09,1,0,4.347845081799719e-06
2019-10-14 20:00:00,0.0,0,13.37,48,2.74,3.4,1011.5,0,276.0,0.0,0.0,16.09,1,0,4.347845081799719e-06
2019-10-14 21:00:00,0.0,0,13.5,62,2.9,4.36,1012.13,0,275.6,0.0,0.0,16.09,1,0,4.347845081799719e-06
2019-10-14 22:00:00,0.0,0,14.15,78,3.04,5.75,1012.36,0,274.8,0.0,0.0,16.09,1,0,4.347845081799719e-06
2019-10-14 23:00:00,0.0,0,14.78,94,3.2,7.09,1012.58,0,273.3,0.0,0.0,16.09,1,0,4.347845081799719e-06
2019-10-15 00:00:00,0.0,1,15.1,109,3.17,7.34,1012.76,0,272.3,0.0,0.0,16.09,1,0,4.347845081799719e-06
2019-10-15 01:00:00,0.0,1,15.29,126,2.84,6.27,1012.22,0,272.3,0.0,0.0,16.09,1,0,4.347845081799719e-06
2019-10-15 02:00:00,0.0,1,15.41,137,2.46,4.99,1011.59,0,272.5,0.0,0.0,16.09,1,0,4.347845081799719e-06
2019-10-15 03:00:00,0.0,1,15.46,125,2.2,4.2,1011.33,0,272.6,0.0,0.0,16.09,1,0,4.347845081799719e-06
2019-10-15 04:00:00,0.0,1,15.4,93,2.03,3.87,1011.37,0,272.5,0.0,0.0,16.09,1,0,4.347845081799719e-06
2019-10-15 05:00:00,0.0,1,15.38,52,1.9,3.66,1011.52,0,273.1,0.0,0.0,16.09,1,0,4.347845081799719e-06
2019-10-15 06:00:00,0.0,1,16.19,56,1.86,3.44,1011.96,0,273.2,0.0,0.0,16.09,1,0,4.347845081799719e-06
2019-10-15 07:00:00,0.0,1,17.17,94,1.97,3.69,1012.71,0,273.0,0.0,0.0,16.09,0,0,1.0496000000000003
2019-10-15 08:00:00,0.0,1,17.43,121,2.12,4.23,1013.38,1,273.4,0.0,0.0,16.09,0,0,4.2916
2019-10-15 09:00:00,0.0,1,17.03,155,2.1,4.19,1013.71,3,273.2,0.0,0.0,16.09,0,0,8.946
2019-10-15 10:00:00,0.0,0,15.98,198,1.93,3.61,1013.8,5,272.4,0.0,0.0,16.09,0,0,10.2328
2019-10-15 11:00:00,0.0,0,14.79,225,1.77,2.99,1013.92,7,273.0,0.0,0.0,16.09,0,0,10.5248
2019-10-15 12:00:00,0.0,0,13.41,185,1.75,2.41,1013.55,8,274.2,0.0,0.0,16.09,0,0,12.4104
2019-10-15 13:00:00,0.0,0,11.56,94,1.85,1.98,1012.57,7,274.0,0.0,0.0,16.09,0,0,12.371199999999998
2019-10-15 14:00:00,0.0,0,9.88,6,1.96,1.96,1011.71,6,274.0,0.0,0.0,16.09,0,0,11.015199999999995
2019-10-15 15:00:00,0.0,0,8.79,321,2.02,2.02,1011.17,4,274.1,0.0,0.0,16.09,0,0,9.5426
2019-10-15 16:00:00,0.0,0,8.36,333,2.06,2.14,1010.98,2,274.5,0.0,0.0,16.09,0,0,5.552399999999999
2019-10-15 17:00:00,0.0,0,8.2,1,2.07,2.35,1011.13,0,274.7,0.0,0.0,16.09,0,0,0.5126000000000002
2019-10-15 18:00:00,0.0,0,9.86,33,2.16,2.76,1011.58,0,274.1,0.0,0.0,16.09,1,0,4.347845081799719e-06
2019-10-15 19:00:00,0.0,0,11.53,58,2.12,3.16,1011.95,0,273.1,0.0,0.0,16.09,1,0,4.347845081799719e-06
2019-10-15 20:00:00,0.0,0,11.36,66,1.94,3.47,1011.94,0,272.3,0.0,0.0,16.09,1,0,4.347845081799719e-06
2019-10-15 21:00:00,0.0,0,11.78,65,1.89,4.28,1011.98,0,271.6,0.0,0.0,16.09,1,0,4.347845081799719e-06
2019-10-15 22:00:00,0.0,0,12.72,37,1.95,5.59,1012.21,0,271.1,0.0,0.0,16.09,1,0,4.347845081799719e-06
2019-10-15 23:00:00,0.0,0,13.69,325,2.05,6.83,1012.45,0,270.5,0.0,0.0,16.09,1,0,4.347845081799719e-06
2019-10-16 00:00:00,0.0,0,13.88,347,2.14,7.12,1012.66,0,270.3,0.0,0.0,16.09,1,0,4.255423640025227e-06
2019-10-16 01:00:00,0.0,1,14.54,47,2.18,6.37,1012.37,0,270.5,0.0,0.0,16.09,1,0,4.347845081799719e-06
2019-10-16 02:00:00,0.0,1,15.0,69,2.21,5.41,1012.16,0,270.9,0.0,0.0,16.09,1,0,4.347845081799719e-06
2019-10-16 03:00:00,0.0,1,15.24,80,2.25,4.79,1012.11,0,271.7,0.0,0.0,16.09,1,0,4.347845081799719e-06
2019-10-16 04:00:00,0.0,1,15.18,87,2.34,4.5,1012.51,0,272.8,0.0,0.0,16.09,1,0,4.347845081799719e-06
2019-10-16 05:00:00,0.0,1,15.77,85,2.24,3.95,1013.26,0,274.3,0.0,0.0,16.09,1,0,4.347845081799719e-06
2019-10-16 06:00:00,0.0,1,16.57,130,2.04,3.89,1013.87,0,275.3,0.0,0.0,16.09,1,0,4.347845081799719e-06
2019-10-16 07:00:00,0.0,1,16.91,159,2.29,4.86,1014.18,0,275.4,0.0,0.0,16.09,0,0,1.0452
2019-10-16 08:00:00,0.0,1,17.02,127,2.75,5.68,1014.4,1,275.2,0.0,0.0,16.09,0,0,4.3766
2019-10-16 09:00:00,0.0,1,16.73,118,2.77,5.38,1014.68,3,275.1,0.0,0.0,16.09,0,0,6.851999999999999
2019-10-16 10:00:00,0.0,0,16.24,131,2.46,3.93,1014.52,5,275.0,0.0,0.0,16.09,0,0,10.845
2019-10-16 11:00:00,0.0,0,15.67,145,2.21,2.63,1014.19,7,275.6,0.0,0.0,16.09,0,0,11.433600000000002
2019-10-16 12:00:00,0.0,0,14.85,125,2.12,2.15,1013.71,8,276.0,0.0,0.0,16.09,0,0,13.673
2019-10-16 13:00:00,0.0,0,13.57,70,2.06,2.06,1012.65,7,275.3,0.0,0.0,16.09,0,0,13.560600000000004
2019-10-16 14:00:00,0.0,0,12.27,16,2.02,2.02,1011.51,6,274.6,0.01,0.01,16.09,0,0,10.345199999999998
2019-10-16 15:00:00,0.0,0,11.44,351,2.06,2.06,1010.81,4,274.5,0.01,0.01,16.09,0,0,7.336799999999998
2019-10-16 16:00:00,0.0,0,11.25,0,2.19,2.2,1010.51,2,274.7,0.0,0.0,16.09,0,0,5.459400000000003
2019-10-16 17:00:00,0.0,0,11.09,18,2.3,2.33,1010.11,0,275.0,0.0,0.0,16.09,0,0,0.716
2019-10-16 18:00:00,0.0,0,13.27,27,2.41,3.09,1010.56,0,274.0,0.0,0.0,16.09,1,0,4.246373747451672e-06
2019-10-16 19:00:00,0.0,0,15.34,33,2.52,4.55,1011.81,0,272.8,0.0,0.0,16.09,1,0,4.347845081799719e-06
2019-10-16 20:00:00,0.0,0,14.9,46,2.58,5.83,1012.28,0,272.8,0.0,0.0,16.09,1,0,4.347845081799719e-06
2019-10-16 21:00:00,0.0,0,15.04,62,2.63,6.59,1012.43,0,272.8,0.0,0.0,16.09,1,0,4.347845081799719e-06
2019-10-16 22:00:00,0.0,0,15.38,81,2.64,6.8,1012.63,0,272.9,0.0,0.0,16.09,1,0,4.347845081799719e-06
2019-10-16 23:00:00,0.0,1,15.58,99,2.66,6.92,1012.98,0,273.3,0.0,0.0,16.09,1,0,4.347845081799719e-06
2019-10-17 00:00:00,0.0,1,15.64,108,2.65,6.65,1013.18,0,273.3,0.0,0.0,16.09,1,0,4.347845081799719e-06
2019-10-17 01:00:00,0.0,1,15.66,108,2.59,5.72,1012.95,0,272.6,0.0,0.0,16.09,1,0,4.347845081799719e-06
2019-10-17 02:00:00,0.0,1,15.6,105,2.54,4.75,1012.77,0,271.9,0.0,0.0,16.09,1,0,4.347845081799719e-06
2019-10-17 03:00:00,0.0,1,15.48,105,2.53,4.24,1012.6,0,271.6,0.0,0.0,16.09,1,0,4.347845081799719e-06
2019-10-17 04:00:00,0.0,1,15.21,105,2.59,4.16,1012.22,0,271.9,0.0,0.0,16.09,1,0,4.347845081799719e-06
2019-10-17 05:00:00,0.0,1,15.9,107,2.62,4.18,1012.08,0,271.9,0.0,0.0,16.09,1,0,4.347845081799719e-06
2019-10-17 06:00:00,0.0,1,16.93,118,3.06,4.37,1012.78,0,271.9,0.0,0.0,16.09,1,0,4.347845081799719e-06
2019-10-17 07:00:00,0.0,1,17.13,128,3.56,4.81,1013.57,0,272.1,0.0,0.0,16.09,0,0,1.1260000000000001
2019-10-17 08:00:00,0.0,1,17.08,134,3.65,5.16,1014.03,1,272.2,0.0,0.0,16.09,0,0,3.7799999999999985
2019-10-17 09:00:00,0.0,1,16.67,148,3.73,5.0,1014.12,3,272.3,0.0,0.0,16.09,0,0,7.819600000000001
2019-10-17 10:00:00,0.0,0,16.03,170,3.85,4.35,1014.07,5,272.2,0.0,0.0,16.09,0,0,9.495199999999997
2019-10-17 11:00:00,0.0,0,15.25,177,3.89,3.89,1014.0,7,272.9,0.0,0.0,16.09,0,0,10.8116
2019-10-17 12:00:00,0.0,0,14.03,151,3.35,3.37,1013.23,8,273.5,0.02,0.01,16.09,0,0,12.350199999999997
2019-10-17 13:00:00,0.0,0,12.18,109,2.1,2.46,1011.81,7,273.1,0.08,0.01,16.09,0,0,12.383000000000003
2019-10-17 14:00:00,0.0,0,10.63,288,0.94,1.79,1010.7,6,272.7,0.17,0.01,16.09,0,0,9.973599999999998
2019-10-17 15:00:00,0.03,0,10.36,242,0.65,1.47,1010.18,3,273.0,0.16,0.01,16.09,0,0,6.025400000000002
2019-10-17 16:00:00,0.1,0,11.35,68,1.19,1.6,1010.23,1,273.9,0.07,0.01,16.09,0,0,4.589000000000001
2019-10-17 17:00:00,0.18,0,12.46,106,1.94,2.2,1010.66,0,274.9,0.0,0.0,16.09,3,4,0.01760034053111129
2019-10-17 18:00:00,0.21,0,12.99,106,2.2,2.62,1010.98,0,275.2,0.0,0.0,16.09,4,4,0.3844001718213058
2019-10-17 19:00:00,0.19,0,13.26,100,2.27,3.06,1011.54,0,275.2,0.0,0.0,16.09,4,4,0.38600017182130586
2019-10-17 20:00:00,0.16,0,13.66,118,2.54,3.87,1011.98,0,275.6,0.01,0.01,16.09,4,4,0.9242001718213061
2019-10-17 21:00:00,0.14,0,14.07,128,2.61,4.7,1012.25,0,275.9,0.01,0.01,16.09,4,4,0.17240061128360779
2019-10-17 22:00:00,0.11,1,14.58,132,2.49,5.6,1012.12,0,275.9,0.0,0.0,16.09,1,0,1.151293946589679e-06
2019-10-17 23:00:00,0.08,1,14.97,131,2.37,6.38,1011.85,0,276.3,0.0,0.0,16.09,1,0,4.249997723678389e-06
2019-10-18 00:00:00,0.06,1,14.81,115,2.38,7.06,1011.79,0,276.6,0.0,0.0,16.09,1,0,4.347845081799719e-06
2019-10-18 01:00:00,0.03,1,14.9,109,2.74,7.74,1011.76,0,276.3,0.0,0.0,16.09,1,0,4.347845081799719e-06
2019-10-18 02:00:00,0.01,1,15.25,113,3.19,8.22,1011.56,0,275.9,0.0,0.0,16.09,1,0,4.347845081799719e-06
2019-10-18 03:00:00,0.0,1,15.2,113,3.33,8.34,1011.37,0,275.7,0.0,0.0,16.09,1,0,4.347845081799719e-06
2019-10-18 04:00:00,0.0,1,15.12,120,3.26,8.14,1010.93,0,275.7,0.0,0.0,16.09,1,0,4.347845081799719e-06
2019-10-18 05:00:00,0.0,1,15.52,125,3.13,7.21,1010.89,0,275.3,0.0,0.0,16.09,1,0,4.347845081799719e-06
2019-10-18 06:00:00,0.0,1,16.25,112,3.3,6.48,1012.22,0,275.3,0.0,0.0,16.09,1,0,4.347845081799719e-06
2019-10-18 07:00:00,0.0,1,16.69,77,3.73,6.63,1013.67,0,276.1,0.08,0.01,16.09,0,0,0.8205999999999998
2019-10-18 08:00:00,0.0,1,16.79,29,4.05,6.68,1014.4,1,277.0,0.19,0.01,16.09,0,0,4.4354000000000005
2019-10-18 09:00:00,0.0,1,16.72,9,4.09,6.23,1014.88,2,277.4,0.19,0.01,16.09,0,0,6.190999999999998
2019-10-18 10:00:00,0.0,1,16.55,47,3.87,5.28,1015.13,5,277.4,0.08,0.01,16.09,0,0,8.6908
2019-10-18 11:00:00,0.0,0,16.29,92,3.63,4.25,1014.99,6,277.3,0.0,0.0,16.09,0,0,10.775799999999998
2019-10-18 12:00:00,0.0,0,15.92,118,3.64,3.73,1014.4,7,276.8,0.0,0.0,16.09,0,0,12.2024
2019-10-18 13:00:00,0.02,0,15.32,131,3.87,3.87,1013.24,7,276.1,0.0,0.0,16.09,0,0,13.481999999999998
2019-10-18 14:00:00,0.03,0,14.56,139,4.06,4.06,1012.01,5,275.3,0.0,0.0,16.09,0,0,11.051000000000002
2019-10-18 15:00:00,0.11,0,13.82,137,3.99,3.99,1011.09,3,274.9,0.0,0.0,16.09,0,0,7.697399999999998
2019-10-18 16:00:00,0.28,0,13.53,126,3.71,3.73,1010.49,1,274.7,0.0,0.0,16.09,3,4,5.399199999999999
2019-10-18 17:00:00,0.44,0,13.53,118,3.35,3.45,1010.2,0,274.6,0.0,0.0,16.09,3,4,0.01680034053111129
2019-10-18 18:00:00,0.49,0,13.66,112,2.99,3.12,1010.33,0,274.7,0.0,0.0,16.09,4,4,0.48180017182130597
2019-10-18 19:00:00,0.44,0,13.84,107,2.59,2.93,1010.75,0,275.1,0.0,0.0,16.09,4,4,0.504200171821306
2019-10-18 20:00:00,0.36,0,14.57,92,2.27,3.17,1012.32,0,275.2,0.0,0.0,16.09,4,4,0.45780017182130583
2019-10-18 21:00:00,0.31,1,15.22,78,2.03,2.99,1013.11,0,275.4,0.0,0.0,16.09,4,4,0.36600017182130584
2019-10-18 22:00:00,0.25,1,16.46,74,2.93,6.4,1013.11,0,275.3,0.0,0.0,16.09,4,4,0.5548001718213058
2019-10-18 23:00:00,0.18,1,17.8,65,4.18,10.54,1013.63,0,275.0,0.0,0.0,16.09,4,4,0.5026001718213058
2019-10-19 00:00:00,0.13,1,18.13,60,4.07,10.03,1013.67,0,275.0,0.0,0.0,16.09,4,4,0.26460089404939124
2019-10-19 01:00:00,0.07,1,18.25,62,3.22,7.99,1013.85,0,275.0,0.01,0.01,16.09,1,0,4.249997723678389e-06
2019-10-19 02:00:00,0.03,1,18.16,63,2.43,6.0,1013.83,0,275.2,0.01,0.01,16.09,1,0,4.347845081799719e-06
2019-10-19 03:00:00,0.01,1,17.81,61,2.14,4.88,1013.76,0,275.4,0.0,0.0,16.09,1,0,4.347845081799719e-06
2019-10-19 04:00:00,0.01,1,17.25,59,2.23,4.33,1013.94,0,275.5,0.01,0.01,16.09,1,0,4.347845081799719e-06
2019-10-19 05:00:00,0.01,1,17.09,58,2.44,4.07,1014.3,0,275.8,0.01,0.01,16.09,1,0,4.347845081799719e-06
2019-10-19 06:00:00,0.0,1,17.14,57,2.74,4.38,1014.76,0,276.5,0.0,0.0,16.09,1,0,4.347845081799719e-06
2019-10-19 07:00:00,0.0,1,17.07,57,3.14,5.33,1015.43,0,277.7,0.02,0.01,16.09,0,0,0.7426000000000001
2019-10-19 08:00:00,0.0,1,16.96,58,3.44,6.1,1016.05,1,278.8,0.05,0.01,16.09,0,0,5.211600000000001
2019-10-19 09:00:00,0.0,1,16.66,69,3.65,5.6,1016.41,2,279.0,0.06,0.01,16.09,0,0,4.7476
2019-10-19 10:00:00,0.0,0,16.21,85,3.38,3.85,1016.52,5,278.6,0.03,0.01,16.09,0,0,7.9902
2019-10-19 11:00:00,0.0,0,15.83,94,3.07,3.1,1016.35,6,277.7,0.0,0.0,16.09,0,0,7.803399999999999
2019-10-19 12:00:00,0.0,0,15.21,87,2.85,3.04,1015.9,7,277.1,0.0,0.0,16.09,0,0,9.3506
2019-10-19 13:00:00,0.0,0,14.01,66,2.21,2.39,1014.87,7,276.9,0.0,0.0,16.09,0,0,8.6984
2019-10-19 14:00:00,0.0,0,12.62,39,1.74,1.97,1013.66,5,276.8,0.0,0.0,16.09,0,0,11.0914
2019-10-19 15:00:00,0.0,0,11.0,22,1.69,1.87,1012.88,3,276.8,0.01,0.01,16.09,0,0,6.4495999999999984
2019-10-19 16:00:00,0.0,0,9.71,12,2.05,2.13,1012.37,1,277.1,0.01,0.01,16.09,0,0,2.670999999999999
2019-10-19 17:00:00,0.02,0,9.19,22,2.69,2.69,1012.36,0,276.6,0.01,0.01,16.09,0,0,0.29179999999999995
2019-10-19 18:00:00,0.08,0,12.07,30,2.84,3.59,1013.19,0,276.3,0.0,0.0,16.09,1,0,4.148526389330342e-06
2019-10-19 19:00:00,0.18,0,15.17,25,2.91,5.34,1013.96,0,277.5,0.02,0.01,16.09,4,4,0.4092001718213059
2019-10-19 20:00:00,0.28,0,15.23,22,3.34,6.88,1014.26,0,278.6,0.04,0.01,16.09,4,4,0.47580017182130585
2019-10-19 21:00:00,0.31,1,15.61,19,3.27,6.43,1014.64,0,279.0,0.04,0.01,16.09,4,4,0.5952001718213058
2019-10-19 22:00:00,0.27,1,16.1,15,2.63,3.89,1015.06,0,278.7,0.02,0.01,16.09,4,4,0.45360017182130585
2019-10-19 23:00:00,0.22,1,16.19,6,2.16,2.28,1015.58,0,278.6,0.01,0.01,16.09,4,4,0.3292001718213058
2019-10-20 00:00:00,0.22,1,15.9,359,2.08,2.21,1015.16,0,278.6,0.01,0.01,16.09,4,4,0.29340000000000005
2019-10-20 01:00:00,0.28,1,15.69,4,2.09,2.46,1014.79,0,278.4,0.0,0.0,16.09,4,4,0.3652001718213058
2019-10-20 02:00:00,0.33,1,15.32,17,2.17,3.03,1014.54,0,278.2,0.0,0.0,16.09,4,4,0.38640017182130576
2019-10-20 03:00:00,0.32,1,14.93,45,2.03,3.17,1014.54,0,278.0,0.0,0.0,16.09,4,4,0.4118001718213058
2019-10-20 04:00:00,0.27,1,14.7,100,1.67,2.89,1014.31,0,278.0,0.0,0.0,16.09,4,4,0.46580017182130573
2019-10-20 05:00:00,0.2,1,14.59,100,1.34,2.56,1014.09,0,278.2,0.0,0.0,16.09,4,4,0.5492001718213058
2019-10-20 06:00:00,0.14,1,15.1,5,1.0,2.07,1015.06,0,278.0,0.0,0.0,16.09,4,4,0.1872003482152666
2019-10-20 07:00:00,0.07,1,15.61,358,0.89,1.92,1016.17,0,278.2,0.0,0.0,16.09,0,0,0.7881999999999998
2019-10-20 08:00:00,0.02,1,15.48,335,1.1,2.25,1016.61,1,279.0,0.0,0.0,16.09,0,0,7.2962
2019-10-20 09:00:00,0.0,1,15.24,326,1.25,2.41,1016.9,2,279.3,0.0,0.0,16.09,0,0,6.845199999999998
2019-10-20 10:00:00,0.0,0,14.79,333,1.39,2.48,1016.74,4,279.6,0.0,0.0,16.09,0,0,9.034799999999999
2019-10-20 11:00:00,0.0,0,14.05,341,1.53,2.39,1016.5,6,277.7,0.0,0.0,16.09,0,0,9.4818
2019-10-20 12:00:00,0.0,0,12.7,341,1.86,2.53,1015.95,7,275.5,0.0,0.0,16.09,0,0,10.114600000000001
2019-10-20 13:00:00,0.0,0,10.22,333,2.47,3.16,1014.52,7,275.5,0.0,0.0,16.09,0,0,11.5776
2019-10-20 14:00:00,0.0,0,7.7,325,3.08,3.77,1013.05,5,275.6,0.0,0.0,16.09,0,0,9.4152
2019-10-20 15:00:00,0.0,0,6.71,322,3.42,4.05,1012.11,3,275.8,0.0,0.0,16.09,0,0,8.116999999999999
2019-10-20 16:00:00,0.0,0,6.96,323,3.53,4.05,1011.58,1,276.2,0.0,0.0,16.09,0,0,4.091999999999998
2019-10-20 17:00:00,0.0,0,9.77,334,3.53,3.73,1012.18,0,276.7,0.0,0.0,16.09,0,0,0.0942
2019-10-20 18:00:00,0.0,0,12.72,344,3.36,3.36,1013.11,0,277.1,0.0,0.0,16.09,1,0,4.255423640025227e-06
2019-10-20 19:00:00,0.0,0,13.1,341,2.98,2.98,1013.58,0,277.2,0.0,0.0,16.09,1,0,4.255423640025227e-06
2019-10-20 20:00:00,0.0,0,13.17,338,2.53,2.65,1014.07,0,277.3,0.0,0.0,16.09,1,0,4.347845081799719e-06
2019-10-20 21:00:00,0.0,0,13.15,343,2.33,2.69,1014.22,0,277.4,0.0,0.0,16.09,1,0,4.255423640025227e-06
2019-10-20 22:00:00,0.0,0,13.04,357,2.37,2.85,1014.42,0,277.6,0.0,0.0,16.09,1,0,2.6997894320080156e-06
2019-10-20 23:00:00,0.0,1,12.87,12,2.4,3.0,1014.47,0,277.7,0.0,0.0,16.09,1,0,4.246373747451672e-06
2019-10-21 00:00:00,0.0,1,12.46,23,2.27,3.12,1013.95,0,277.4,0.0,0.0,16.09,1,0,4.246373747451672e-06
2019-10-21 01:00:00,0.0,1,12.06,30,1.96,3.14,1013.36,0,276.9,0.0,0.0,16.09,1,0,4.246373747451672e-06
2019-10-21 02:00:00,0.0,1,11.87,35,1.59,2.98,1012.96,0,276.5,0.0,0.0,16.09,1,0,4.347845081799719e-06
2019-10-21 03:00:00,0.0,1,11.77,34,1.31,2.68,1013.02,0,276.2,0.0,0.0,16.09,1,0,4.347845081799719e-06
2019-10-21 04:00:00,0.0,1,11.85,21,1.09,2.2,1013.32,0,276.3,0.0,0.0,16.09,1,0,2.7220823320381635e-06
2019-10-21 05:00:00,0.0,1,12.01,358,0.95,1.75,1013.43,0,276.4,0.0,0.0,16.09,1,0,4.4965006201255697e-07
2019-10-21 06:00:00,0.0,1,11.9,38,0.96,1.59,1014.15,0,276.3,0.0,0.0,16.09,1,0,6.233062722679585e-07
2019-10-21 07:00:00,0.0,1,11.89,96,1.04,1.48,1015.1,0,276.4,0.0,0.0,16.09,0,0,0.5308
2019-10-21 08:00:00,0.0,1,12.06,262,1.15,1.32,1015.45,1,276.5,0.0,0.0,16.09,0,0,2.7163999999999997
2019-10-21 09:00:00,0.0,0,11.94,214,1.31,1.37,1015.47,2,276.3,0.0,0.0,16.09,0,0,6.662399999999999
2019-10-21 10:00:00,0.0,0,11.46,91,1.55,1.71,1015.25,4,275.9,0.0,0.0,16.09,0,0,9.4942
2019-10-21 11:00:00,0.0,0,10.54,5,1.76,2.06,1015.09,6,275.0,0.0,0.0,16.09,0,0,10.606799999999998
2019-10-21 12:00:00,0.0,0,9.21,323,2.19,2.59,1014.51,7,274.3,0.0,0.0,16.09,0,0,12.270999999999997
2019-10-21 13:00:00,0.0,0,7.47,317,3.01,3.56,1013.02,7,274.3,0.0,0.0,16.09,0,0,14.517800000000001
2019-10-21 14:00:00,0.0,0,6.13,319,3.77,4.5,1011.58,5,274.5,0.0,0.0,16.09,0,0,11.8248
2019-10-21 15:00:00,0.0,0,5.74,321,4.08,5.2,1010.65,3,274.7,0.0,0.0,16.09,0,0,8.639399999999997
2019-10-21 16:00:00,0.0,0,6.05,323,3.94,5.68,1010.31,1,274.9,0.0,0.0,16.09,0,0,4.065199999999999
2019-10-21 17:00:00,0.0,0,6.85,326,3.61,6.08,1010.73,0,275.7,0.0,0.0,16.09,0,0,0.18760000000000002
2019-10-21 18:00:00,0.0,0,7.65,325,3.12,5.62,1011.0,0,276.4,0.0,0.0,16.09,1,0,4.347845081799719e-06
2019-10-21 19:00:00,0.0,0,9.61,319,2.57,3.97,1011.23,0,276.4,0.0,0.0,16.09,1,0,4.347845081799719e-06
2019-10-21 20:00:00,0.0,0,11.26,316,2.02,2.37,1011.45,0,276.5,0.0,0.0,16.09,1,0,4.347845081799719e-06
2019-10-21 21:00:00,0.0,0,11.2,314,1.72,1.93,1011.41,0,276.4,0.0,0.0,16.09,1,0,9.012602781201797e-07
2019-10-21 22:00:00,0.0,0,11.24,318,1.83,2.64,1011.45,0,276.4,0.0,0.0,16.09,1,0,4.347845081799719e-06
2019-10-21 23:00:00,0.0,0,11.24,333,1.99,3.45,1011.39,0,276.2,0.0,0.0,16.09,1,0,4.347845081799719e-06
2019-10-22 00:00:00,0.0,1,11.76,9,1.96,3.62,1011.31,0,276.2,0.0,0.0,16.09,1,0,0.006402479268746738
2019-10-22 01:00:00,0.0,1,11.64,70,1.66,3.08,1011.26,0,276.2,0.0,0.0,16.09,1,0,4.347845081799719e-06
2019-10-22 02:00:00,0.0,1,11.43,164,1.31,2.33,1011.18,0,276.1,0.0,0.0,16.09,1,0,4.347845081799719e-06
2019-10-22 03:00:00,0.0,1,11.17,296,1.22,1.96,1011.03,0,275.9,0.0,0.0,16.09,1,0,6.233062722679585e-07
2019-10-22 04:00:00,0.0,1,10.89,291,1.39,1.92,1010.99,0,275.4,0.0,0.0,16.09,1,0,9.012602781201797e-07
2019-10-22 05:00:00,0.0,1,11.52,275,1.55,1.8,1011.09,0,275.3,0.0,0.0,16.09,1,0,9.012602781201797e-07
2019-10-22 06:00:00,0.0,1,12.56,273,1.68,1.69,1011.78,0,275.6,0.0,0.0,16.09,1,0,0.0006009012602781201
2019-10-22 07:00:00,0.0,1,12.77,283,1.69,1.69,1012.45,0,276.1,0.0,0.0,16.09,0,0,1.0893999999999997
2019-10-22 08:00:00,0.0,1,12.64,283,1.64,1.64,1012.33,1,276.5,0.0,0.0,16.09,0,0,3.125
2019-10-22 09:00:00,0.0,0,12.39,201,1.84,1.84,1012.25,2,276.7,0.0,0.0,16.09,0,0,6.4266
2019-10-22 10:00:00,0.0,0,11.9,78,2.25,2.41,1012.03,4,276.4,0.0,0.0,16.09,0,0,8.9626
2019-10-22 11:00:00,0.0,0,11.35,335,2.72,3.23,1011.57,6,276.1,0.0,0.0,16.09,0,0,9.2746
2019-10-22 12:00:00,0.0,0,10.38,295,3.29,4.24,1011.06,7,275.1,0.0,0.0,16.09,0,0,13.6998
2019-10-22 13:00:00,0.0,0,8.7,298,3.95,5.1,1010.28,7,274.5,0.0,0.0,16.09,0,0,14.395800000000001
2019-10-22 14:00:00,0.0,0,7.23,310,4.43,5.43,1009.17,5,274.9,0.0,0.0,16.09,0,0,11.328399999999997
2019-10-22 15:00:00,0.0,0,6.54,316,4.43,5.31,1008.47,3,275.1,0.0,0.0,16.09,0,0,8.2114
2019-10-22 16:00:00,0.0,0,6.47,317,3.97,4.68,1007.79,1,275.1,0.0,0.0,16.09,0,0,3.8897999999999993
2019-10-22 17:00:00,0.0,0,6.68,317,3.42,4.01,1007.27,0,275.1,0.0,0.0,16.09,0,0,0.1148
2019-10-22 18:00:00,0.0,0,7.33,317,2.85,3.53,1007.53,0,275.8,0.0,0.0,16.09,1,0,4.347845081799719e-06
2019-10-22 19:00:00,0.0,0,9.54,317,2.19,3.2,1008.65,0,276.8,0.0,0.0,16.09,1,0,4.347845081799719e-06
2019-10-22 20:00:00,0.0,0,11.03,316,1.61,3.03,1009.65,0,276.9,0.0,0.0,16.09,1,0,4.347845081799719e-06
2019-10-22 21:00:00,0.0,0,10.93,322,1.31,2.97,1009.72,0,276.6,0.0,0.0,16.09,1,0,4.347845081799719e-06
2019-10-22 22:00:00,0.0,0,10.95,333,1.24,3.08,1009.65,0,275.8,0.0,0.0,16.09,1,0,4.0698910759474975e-06
2019-10-22 23:00:00,0.0,0,11.16,346,1.15,2.89,1009.65,0,274.6,0.0,0.0,16.09,1,0,3.977469634173006e-06
2019-10-23 00:00:00,0.0,1,11.41,11,1.05,2.57,1009.94,0,274.2,0.0,0.0,16.09,1,0,3.968419741599451e-06
2019-10-23 01:00:00,0.0,1,11.4,63,1.05,2.47,1009.81,0,275.1,0.0,0.0,16.09,1,0,4.0698910759474975e-06
2019-10-23 02:00:00,0.0,1,11.32,104,1.07,2.33,1009.58,0,276.1,0.0,0.0,16.09,1,0,4.0698910759474975e-06
2019-10-23 03:00:00,0.0,1,11.24,127,1.1,2.16,1009.43,0,276.6,0.0,0.0,16.09,1,0,2.8235536663862104e-06
2019-10-23 04:00:00,0.0,1,11.24,139,1.14,1.96,1009.3,0,276.7,0.0,0.0,16.09,1,0,6.233062722679585e-07
2019-10-23 05:00:00,0.0,1,11.25,146,1.15,1.72,1009.31,0,276.8,0.0,0.0,16.09,1,0,6.233062722679585e-07
2019-10-23 06:00:00,0.0,1,11.28,165,1.58,1.79,1009.79,0,276.6,0.0,0.0,16.09,1,0,9.012602781201797e-07
2019-10-23 07:00:00,0.0,1,11.25,194,1.86,1.86,1010.42,0,276.5,0.0,0.0,16.09,0,0,1.0896
2019-10-23 08:00:00,0.0,1,11.07,199,1.61,1.61,1010.43,1,276.5,0.0,0.0,16.09,0,0,4.235
2019-10-23 09:00:00,0.0,0,10.64,156,1.49,1.49,1010.53,2,276.8,0.0,0.0,16.09,0,0,5.341800000000001
2019-10-23 10:00:00,0.0,0,9.79,83,1.43,1.67,1010.47,4,277.2,0.0,0.0,16.09,0,0,8.7894
2019-10-23 11:00:00,0.0,0,8.69,349,1.47,2.05,1010.28,6,277.9,0.0,0.0,16.09,0,0,11.7956
2019-10-23 12:00:00,0.0,0,7.07,279,1.72,2.37,1009.61,7,278.4,0.0,0.0,16.09,0,0,14.1604
2019-10-23 13:00:00,0.0,0,4.79,304,2.19,2.69,1008.28,7,278.5,0.0,0.0,16.09,0,0,13.225799999999992
2019-10-23 14:00:00,0.0,0,3.13,329,2.58,2.91,1006.96,5,278.4,0.0,0.0,16.09,0,0,10.974
2019-10-23 15:00:00,0.0,0,2.95,318,2.58,2.83,1006.19,3,277.9,0.0,0.0,16.09,0,0,8.2748
2019-10-23 16:00:00,0.0,0,3.81,312,2.23,2.45,1005.92,1,276.8,0.0,0.0,16.09,0,0,3.2060000000000004
2019-10-23 17:00:00,0.0,0,4.67,313,1.67,1.79,1006.4,0,275.2,0.0,0.0,16.09,0,0,0.7504000000000001
2019-10-23 18:00:00,0.0,0,7.05,348,1.46,1.47,1007.11,0,274.4,0.0,0.0,16.09,1,0,8.088388363456882e-07
2019-10-23 19:00:00,0.0,0,9.26,11,1.52,1.53,1007.64,0,274.9,0.0,0.0,16.09,1,0,7.997889437721331e-07
2019-10-23 20:00:00,0.0,0,9.21,27,1.44,1.56,1008.21,0,275.5,0.0,0.0,16.09,1,0,7.997889437721331e-07
2019-10-23 21:00:00,0.0,0,9.23,54,1.48,1.69,1008.71,0,275.5,0.0,0.0,16.09,1,0,9.012602781201797e-07
2019-10-23 22:00:00,0.0,0,9.22,88,1.62,1.92,1009.06,0,275.1,0.0,0.0,16.09,1,0,9.012602781201797e-07
2019-10-23 23:00:00,0.0,0,8.84,105,1.8,2.28,1009.37,0,274.3,0.0,0.0,16.09,1,0,3.101507672238432e-06
2019-10-24 00:00:00,0.0,0,8.51,111,2.03,2.68,1009.79,0,273.9,0.0,0.0,16.09,1,0,4.347845081799719e-06
2019-10-24 01:00:00,0.0,0,8.69,117,2.31,3.14,1010.0,0,274.1,0.0,0.0,16.09,1,0,4.347845081799719e-06
2019-10-24 02:00:00,0.0,0,8.95,119,2.56,3.56,1009.84,0,274.6,0.0,0.0,16.09,1,0,4.347845081799719e-06
2019-10-24 03:00:00,0.0,0,9.29,119,2.67,3.83,1009.79,0,275.1,0.0,0.0,16.09,1,0,4.347845081799719e-06
2019-10-24 04:00:00,0.0,1,9.78,115,2.64,3.95,1009.71,0,275.7,0.0,0.0,16.09,1,0,4.347845081799719e-06
2019-10-24 05:00:00,0.0,1,10.42,114,2.64,3.94,1009.45,0,276.2,0.0,0.0,16.09,1,0,4.347845081799719e-06
2019-10-24 06:00:00,0.0,1,11.11,117,2.7,3.96,1009.5,0,276.5,0.0,0.0,16.09,1,0,4.347845081799719e-06
2019-10-24 07:00:00,0.0,1,11.83,120,2.72,4.08,1010.72,0,276.9,0.0,0.0,16.09,0,0,0.8502
2019-10-24 08:00:00,0.0,1,12.4,124,2.73,4.08,1011.95,1,277.1,0.0,0.0,16.09,0,0,4.398599999999999
2019-10-24 09:00:00,0.0,0,12.06,128,2.64,3.68,1012.19,2,276.8,0.0,0.0,16.09,0,0,6.3915999999999995
2019-10-24 10:00:00,0.0,0,10.59,133,2.47,2.89,1011.77,4,276.2,0.0,0.0,16.09,0,0,9.394800000000002
2019-10-24 11:00:00,0.0,0,8.78,133,2.28,2.31,1011.11,6,275.2,0.0,0.0,16.09,0,0,13.177200000000001
2019-10-24 12:00:00,0.0,0,7.03,111,2.17,2.17,1010.51,7,276.6,0.0,0.0,16.09,0,0,12.601
2019-10-24 13:00:00,0.0,0,5.42,69,1.99,2.07,1009.55,6,278.1,0.0,0.0,16.09,0,0,11.2338
2019-10-24 14:00:00,0.0,0,4.51,23,1.79,1.99,1008.38,5,277.6,0.0,0.0,16.09,0,0,9.751199999999999
2019-10-24 15:00:00,0.0,0,4.55,3,1.75,1.89,1007.65,3,277.3,0.0,0.0,16.09,0,0,6.825400000000002
2019-10-24 16:00:00,0.0,0,5.4,10,1.89,1.91,1007.34,1,276.7,0.0,0.0,16.09,0,0,3.2732000000000006
2019-10-24 17:00:00,0.0,0,5.98,35,2.25,2.25,1007.71,0,276.0,0.0,0.0,16.09,0,0,0.32319999999999993
2019-10-24 18:00:00,0.0,0,9.47,51,2.43,2.98,1008.7,0,275.9,0.0,0.0,16.09,1,0,4.347845081799719e-06
2019-10-24 19:00:00,0.0,0,13.14,56,2.49,4.61,1009.77,0,276.9,0.0,0.0,16.09,1,0,4.347845081799719e-06
2019-10-24 20:00:00,0.0,0,13.21,67,2.67,6.22,1010.46,0,278.0,0.0,0.0,16.09,1,0,4.347845081799719e-06
2019-10-24 21:00:00,0.0,0,13.53,75,2.66,6.69,1011.05,0,278.1,0.0,0.0,16.09,1,0,4.347845081799719e-06
2019-10-24 22:00:00,0.0,1,13.88,83,2.47,6.07,1011.35,0,277.4,0.0,0.0,16.09,1,0,4.347845081799719e-06
2019-10-24 23:00:00,0.0,1,14.22,90,2.27,5.2,1011.44,0,276.6,0.0,0.0,16.09,1,0,4.347845081799719e-06
2019-10-25 00:00:00,0.0,1,14.14,93,2.11,4.35,1011.43,0,275.8,0.0,0.0,16.09,1,0,4.347845081799719e-06
2019-10-25 01:00:00,0.0,1,13.98,93,2.08,3.92,1011.01,0,275.6,0.0,0.0,16.09,1,0,4.347845081799719e-06
2019-10-25 02:00:00,0.0,1,13.91,96,2.17,3.95,1010.51,0,275.9,0.0,0.0,16.09,1,0,4.347845081799719e-06
2019-10-25 03:00:00,0.0,1,13.8,100,2.2,3.87,1010.6,0,276.2,0.0,0.0,16.09,1,0,4.347845081799719e-06
2019-10-25 04:00:00,0.0,1,13.7,106,2.18,3.7,1010.74,0,276.5,0.0,0.0,16.09,1,0,4.347845081799719e-06
2019-10-25 05:00:00,0.0,1,13.65,110,2.16,3.62,1010.9,0,277.1,0.0,0.0,16.09,1,0,4.347845081799719e-06
2019-10-25 06:00:00,0.0,1,14.23,124,2.48,3.7,1011.33,0,276.3,0.0,0.0,16.09,1,0,4.347845081799719e-06
2019-10-25 07:00:00,0.0,1,14.68,129,2.87,3.96,1011.92,0,276.2,0.0,0.0,16.09,0,0,0.8069999999999997
2019-10-25 08:00:00,0.0,1,14.85,123,3.0,4.19,1012.39,1,277.7,0.0,0.0,16.09,0,0,4.2124
2019-10-25 09:00:00,0.0,1,14.75,123,3.05,3.99,1012.92,2,278.4,0.0,0.0,16.09,0,0,6.847199999999999
2019-10-25 10:00:00,0.0,0,14.65,130,2.99,3.34,1013.06,4,278.6,0.0,0.0,16.09,0,0,9.920600000000002
2019-10-25 11:00:00,0.0,0,14.35,134,2.88,2.88,1012.9,6,278.4,0.01,0.01,16.09,0,0,11.387599999999997
2019-10-25 12:00:00,0.0,0,13.39,118,2.7,2.7,1012.35,7,280.0,0.01,0.01,16.09,0,0,11.832599999999996
2019-10-25 13:00:00,0.0,0,11.54,84,2.46,2.46,1011.42,6,281.8,0.01,0.01,16.09,0,0,11.767999999999997
2019-10-25 14:00:00,0.0,0,9.62,53,2.26,2.26,1010.44,5,281.7,0.0,0.0,16.09,0,0,10.339199999999998
2019-10-25 15:00:00,0.0,0,8.56,36,2.19,2.24,1009.78,3,281.1,0.0,0.0,16.09,0,0,8.013999999999998
2019-10-25 16:00:00,0.0,0,8.24,32,2.21,2.42,1009.32,1,279.8,0.0,0.0,16.09,0,0,3.4561999999999995
2019-10-25 17:00:00,0.0,0,8.53,37,2.36,2.99,1009.09,0,279.3,0.0,0.0,16.09,0,0,0.7979999999999999
2019-10-25 18:00:00,0.0,0,11.33,50,2.24,3.6,1009.61,0,279.5,0.0,0.0,16.09,1,0,4.347845081799719e-06
2019-10-25 19:00:00,0.0,0,13.99,69,2.06,3.99,1010.81,0,279.7,0.0,0.0,16.09,1,0,4.347845081799719e-06
2019-10-25 20:00:00,0.0,0,14.05,82,2.16,4.35,1011.7,0,280.0,0.0,0.0,16.09,1,0,4.347845081799719e-06
2019-10-25 21:00:00,0.0,1,14.47,94,2.21,4.65,1012.2,0,279.9,0.0,0.0,16.09,1,0,4.347845081799719e-06
2019-10-25 22:00:00,0.0,1,15.02,104,2.22,4.93,1012.39,0,279.5,0.0,0.0,16.09,1,0,4.347845081799719e-06
2019-10-25 23:00:00,0.0,1,15.45,112,2.2,5.09,1012.36,0,278.9,0.0,0.0,16.09,1,0,4.347845081799719e-06
2019-10-26 00:00:00,0.0,1,15.38,118,2.05,4.45,1012.4,0,277.5,0.0,0.0,16.09,1,0,4.347845081799719e-06
2019-10-26 01:00:00,0.0,1,15.31,120,1.78,3.53,1012.41,0,276.1,0.0,0.0,16.09,1,0,4.347845081799719e-06
2019-10-26 02:00:00,0.0,1,15.18,119,1.54,3.08,1012.48,0,275.7,0.0,0.0,16.09,1,0,4.347845081799719e-06
2019-10-26 03:00:00,0.0,1,14.82,117,1.43,2.84,1012.47,0,275.0,0.0,0.0,16.09,1,0,4.347845081799719e-06
2019-10-26 04:00:00,0.0,1,14.33,112,1.45,2.84,1012.53,0,274.2,0.0,0.0,16.09,1,0,4.347845081799719e-06
2019-10-26 05:00:00,0.0,1,14.0,106,1.45,2.9,1012.8,0,273.6,0.0,0.0,16.09,1,0,4.347845081799719e-06
2019-10-26 06:00:00,0.0,1,14.42,120,1.98,2.98,1013.27,0,272.8,0.0,0.0,16.09,1,0,4.347845081799719e-06
2019-10-26 07:00:00,0.0,1,14.86,136,2.45,3.0,1014.05,0,272.4,0.0,0.0,16.09,0,0,0.9203999999999999
2019-10-26 08:00:00,0.0,1,14.98,146,2.28,2.9,1014.77,1,272.7,0.0,0.0,16.09,0,0,4.244200000000001
2019-10-26 09:00:00,0.0,1,14.78,147,1.91,2.57,1015.07,2,272.3,0.0,0.0,16.09,0,0,6.6259999999999994
2019-10-26 10:00:00,0.0,0,14.69,139,1.24,1.99,1015.02,4,271.1,0.0,0.0,16.09,0,0,7.9508
2019-10-26 11:00:00,0.0,0,14.26,124,0.69,1.45,1014.85,6,271.9,0.0,0.0,16.09,0,0,9.0152
2019-10-26 12:00:00,0.0,0,13.24,97,0.79,1.49,1014.4,7,273.0,0.0,0.0,16.09,0,0,11.415600000000005
2019-10-26 13:00:00,0.0,0,11.83,61,1.55,2.2,1013.16,6,272.4,0.0,0.0,16.09,0,0,11.492399999999998
2019-10-26 14:00:00,0.0,0,10.5,30,2.38,2.97,1012.04,5,271.9,0.0,0.0,16.09,0,0,10.408999999999999
2019-10-26 15:00:00,0.0,0,9.8,16,2.75,3.28,1011.35,3,271.6,0.0,0.0,16.09,0,0,6.280199999999999
2019-10-26 16:00:00,0.0,0,9.66,19,2.72,3.17,1010.78,1,271.6,0.0,0.0,16.09,0,0,3.2037999999999998
2019-10-26 17:00:00,0.0,0,10.32,29,2.46,2.7,1010.99,0,271.1,0.0,0.0,16.09,0,0,0.4299999999999999
2019-10-26 18:00:00,0.0,0,10.98,34,2.21,2.53,1011.43,0,270.8,0.0,0.0,16.09,1,0,4.347845081799719e-06
2019-10-26 19:00:00,0.0,0,11.29,35,2.06,3.06,1011.87,0,271.3,0.0,0.0,16.09,1,0,4.347845081799719e-06
2019-10-26 20:00:00,0.0,0,12.62,40,1.97,3.58,1012.8,0,271.6,0.0,0.0,16.09,1,0,4.347845081799719e-06
2019-10-26 21:00:00,0.0,1,13.78,47,1.89,3.79,1013.52,0,271.7,0.0,0.0,16.09,1,0,4.347845081799719e-06
2019-10-26 22:00:00,0.0,1,13.75,52,1.73,3.7,1013.75,0,271.3,0.0,0.0,16.09,1,0,4.347845081799719e-06
2019-10-26 23:00:00,0.0,1,13.93,57,1.58,3.51,1013.9,0,270.8,0.0,0.0,16.09,1,0,4.347845081799719e-06
2019-10-27 00:00:00,0.0,1,14.02,64,1.26,2.79,1014.04,0,269.6,0.0,0.0,16.09,1,0,0.0012040698910759475
2019-10-27 01:00:00,0.0,1,14.08,70,0.94,2.04,1013.38,0,268.3,0.0,0.0,16.09,1,0,0.004601157541436759
2019-10-27 02:00:00,0.0,1,14.04,77,0.8,1.77,1012.71,0,268.0,0.0,0.0,16.09,1,0,6.233062722679585e-07
2019-10-27 03:00:00,0.0,1,13.81,103,0.72,1.48,1012.64,0,267.9,0.0,0.0,16.09,1,0,6.233062722679585e-07
2019-10-27 04:00:00,0.0,1,13.53,146,0.68,1.19,1012.64,0,267.8,0.0,0.0,16.09,1,0,6.233062722679585e-07
2019-10-27 05:00:00,0.0,1,13.42,185,0.71,1.06,1012.68,0,267.7,0.0,0.0,16.09,1,0,6.233062722679585e-07
2019-10-27 06:00:00,0.0,1,13.36,277,0.91,1.05,1013.54,0,267.4,0.0,0.0,16.09,1,0,6.233062722679585e-07
2019-10-27 07:00:00,0.0,1,13.43,283,1.05,1.05,1014.61,0,267.1,0.0,0.0,16.09,0,0,0.8442000000000001
2019-10-27 08:00:00,0.0,1,13.73,246,1.1,1.17,1015.05,1,266.9,0.0,0.0,16.09,0,0,2.7255999999999996
2019-10-27 09:00:00,0.0,1,13.59,195,1.43,1.56,1015.18,2,266.7,0.0,0.0,16.09,0,0,6.6
2019-10-27 10:00:00,0.0,0,13.2,76,2.04,2.13,1015.08,4,266.3,0.0,0.0,16.09,0,0,8.983200000000004
2019-10-27 11:00:00,0.0,0,12.21,339,2.64,2.82,1014.86,6,266.7,0.0,0.0,16.09,0,0,7.4772
2019-10-27 12:00:00,0.0,0,10.78,289,3.08,3.34,1014.17,7,267.3,0.0,0.0,16.09,0,0,12.046800000000003
2019-10-27 13:00:00,0.0,0,9.15,297,3.4,3.62,1012.9,6,267.1,0.0,0.0,16.09,0,0,12.923800000000004
2019-10-27 14:00:00,0.0,0,7.83,323,3.57,3.76,1011.51,5,266.9,0.0,0.0,16.09,0,0,10.1546
2019-10-27 15:00:00,0.0,0,7.23,337,3.44,3.7,1010.58,3,266.5,0.0,0.0,16.09,0,0,8.191200000000002
2019-10-27 16:00:00,0.0,0,7.26,343,3.01,3.43,1010.33,1,266.1,0.0,0.0,16.09,0,0,3.4415999999999998
2019-10-27 17:00:00,0.0,0,7.67,348,2.5,3.14,1010.47,0,265.4,0.0,0.0,16.09,0,0,0.4622
2019-10-27 18:00:00,0.0,0,10.03,348,2.11,2.96,1011.02,0,264.9,0.0,0.0,16.09,1,0,4.255423640025227e-06
2019-10-27 19:00:00,0.0,0,12.2,345,1.74,2.85,1011.7,0,264.9,0.0,0.0,16.09,1,0,4.255423640025227e-06
2019-10-27 20:00:00,0.0,0,12.06,353,1.39,2.73,1012.28,0,264.9,0.0,0.0,16.09,1,0,4.255423640025227e-06
2019-10-27 21:00:00,0.0,0,12.19,29,1.15,2.55,1012.67,0,264.6,0.0,0.0,16.09,1,0,3.968419741599451e-06
2019-10-27 22:00:00,0.0,1,12.5,92,1.03,2.33,1012.79,0,264.3,0.0,0.0,16.09,1,0,4.0698910759474975e-06
2019-10-27 23:00:00,0.0,1,12.67,146,0.91,2.01,1012.85,0,262.8,0.0,0.0,16.09,1,0,0.0016011575414367587
